Run started:2025-10-13 22:25:59.243618

Test results:
>> Issue: [B602:subprocess_popen_with_shell_equals_true] subprocess call with shell=True identified, security issue.
   Severity: High   Confidence: High
   CWE: CWE-78 (https://cwe.mitre.org/data/definitions/78.html)
   More Info: https://bandit.readthedocs.io/en/1.8.6/plugins/b602_subprocess_popen_with_shell_equals_true.html
   Location: /Users/christianmerrill/Documents/GitHub/.venv/lib/python3.13/site-packages/click/_termui_impl.py:453:8
452	        [str(cmd_path)] + cmd_params,
453	        shell=True,
454	        stdin=subprocess.PIPE,
455	        env=env,
456	        errors="replace",
457	        text=True,
458	    )
459	    assert c.stdin is not None
460	    try:
461	        for text in generator:

--------------------------------------------------
>> Issue: [B402:blacklist] A FTP-related module is being imported.  FTP is considered insecure. Use SSH/SFTP/SCP or some other encrypted protocol.
   Severity: High   Confidence: High
   CWE: CWE-319 (https://cwe.mitre.org/data/definitions/319.html)
   More Info: https://bandit.readthedocs.io/en/1.8.6/blacklists/blacklist_imports.html#b402-import-ftplib
   Location: /Users/christianmerrill/Documents/GitHub/.venv/lib/python3.13/site-packages/fsspec/implementations/ftp.py:3:0
2	import uuid
3	from ftplib import FTP, FTP_TLS, Error, error_perm
4	from typing import Any

--------------------------------------------------
>> Issue: [B507:ssh_no_host_key_verification] Paramiko call with policy set to automatically trust the unknown host key.
   Severity: High   Confidence: Medium
   CWE: CWE-295 (https://cwe.mitre.org/data/definitions/295.html)
   More Info: https://bandit.readthedocs.io/en/1.8.6/plugins/b507_ssh_no_host_key_verification.html
   Location: /Users/christianmerrill/Documents/GitHub/.venv/lib/python3.13/site-packages/fsspec/implementations/sftp.py:53:8
52	        self.client = paramiko.SSHClient()
53	        self.client.set_missing_host_key_policy(paramiko.AutoAddPolicy())
54	        self.client.connect(self.host, **self.ssh_kwargs)

--------------------------------------------------
>> Issue: [B324:hashlib] Use of weak MD5 hash for security. Consider usedforsecurity=False
   Severity: High   Confidence: High
   CWE: CWE-327 (https://cwe.mitre.org/data/definitions/327.html)
   More Info: https://bandit.readthedocs.io/en/1.8.6/plugins/b324_hashlib.html
   Location: /Users/christianmerrill/Documents/GitHub/.venv/lib/python3.13/site-packages/fsspec/tests/abstract/__init__.py:228:23
227	        for i in range(10):
228	            hashed_i = md5(str(i).encode("utf-8")).hexdigest()
229	            path = some_join(source, f"{hashed_i}.txt")

--------------------------------------------------
>> Issue: [B324:hashlib] Use of weak MD5 hash for security. Consider usedforsecurity=False
   Severity: High   Confidence: High
   CWE: CWE-327 (https://cwe.mitre.org/data/definitions/327.html)
   More Info: https://bandit.readthedocs.io/en/1.8.6/plugins/b324_hashlib.html
   Location: /Users/christianmerrill/Documents/GitHub/.venv/lib/python3.13/site-packages/fsspec/tests/abstract/copy.py:548:23
547	        for i in range(10):
548	            hashed_i = md5(str(i).encode("utf-8")).hexdigest()
549	            source_files.append(fs_join(source, f"{hashed_i}.txt"))

--------------------------------------------------
>> Issue: [B324:hashlib] Use of weak MD5 hash for security. Consider usedforsecurity=False
   Severity: High   Confidence: High
   CWE: CWE-327 (https://cwe.mitre.org/data/definitions/327.html)
   More Info: https://bandit.readthedocs.io/en/1.8.6/plugins/b324_hashlib.html
   Location: /Users/christianmerrill/Documents/GitHub/.venv/lib/python3.13/site-packages/fsspec/tests/abstract/get.py:576:23
575	        for i in range(10):
576	            hashed_i = md5(str(i).encode("utf-8")).hexdigest()
577	            source_files.append(fs_join(source, f"{hashed_i}.txt"))

--------------------------------------------------
>> Issue: [B605:start_process_with_a_shell] Starting a process with a shell, possible injection detected, security issue.
   Severity: High   Confidence: High
   CWE: CWE-78 (https://cwe.mitre.org/data/definitions/78.html)
   More Info: https://bandit.readthedocs.io/en/1.8.6/plugins/b605_start_process_with_a_shell.html
   Location: /Users/christianmerrill/Documents/GitHub/.venv/lib/python3.13/site-packages/fsspec/tests/abstract/mv.py:36:8
35	    if os.name == "nt":
36	        os.system(f'icacls "{protected_path}" /deny Everyone:(W)')
37	    else:

--------------------------------------------------
>> Issue: [B605:start_process_with_a_shell] Starting a process with a shell, possible injection detected, security issue.
   Severity: High   Confidence: High
   CWE: CWE-78 (https://cwe.mitre.org/data/definitions/78.html)
   More Info: https://bandit.readthedocs.io/en/1.8.6/plugins/b605_start_process_with_a_shell.html
   Location: /Users/christianmerrill/Documents/GitHub/.venv/lib/python3.13/site-packages/fsspec/tests/abstract/mv.py:55:8
54	    if os.name == "nt":
55	        os.system(f'icacls "{protected_path}" /remove:d Everyone')
56	    else:

--------------------------------------------------
>> Issue: [B324:hashlib] Use of weak MD5 hash for security. Consider usedforsecurity=False
   Severity: High   Confidence: High
   CWE: CWE-327 (https://cwe.mitre.org/data/definitions/327.html)
   More Info: https://bandit.readthedocs.io/en/1.8.6/plugins/b324_hashlib.html
   Location: /Users/christianmerrill/Documents/GitHub/.venv/lib/python3.13/site-packages/fsspec/tests/abstract/put.py:582:23
581	        for i in range(10):
582	            hashed_i = md5(str(i).encode("utf-8")).hexdigest()
583	            source_files.append(local_join(source, f"{hashed_i}.txt"))

--------------------------------------------------
>> Issue: [B324:hashlib] Use of weak MD5 hash for security. Consider usedforsecurity=False
   Severity: High   Confidence: High
   CWE: CWE-327 (https://cwe.mitre.org/data/definitions/327.html)
   More Info: https://bandit.readthedocs.io/en/1.8.6/plugins/b324_hashlib.html
   Location: /Users/christianmerrill/Documents/GitHub/.venv/lib/python3.13/site-packages/fsspec/utils.py:320:12
319	    try:
320	        h = md5(str(args).encode())
321	    except ValueError:

--------------------------------------------------
>> Issue: [B324:hashlib] Use of weak SHA1 hash for security. Consider usedforsecurity=False
   Severity: High   Confidence: High
   CWE: CWE-327 (https://cwe.mitre.org/data/definitions/327.html)
   More Info: https://bandit.readthedocs.io/en/1.8.6/plugins/b324_hashlib.html
   Location: /Users/christianmerrill/Documents/GitHub/.venv/lib/python3.13/site-packages/google/protobuf/proto_builder.py:68:16
67	  # proto files.
68	  fields_hash = hashlib.sha1()
69	  for f_name, f_type in field_items:

--------------------------------------------------
>> Issue: [B324:hashlib] Use of weak SHA1 hash for security. Consider usedforsecurity=False
   Severity: High   Confidence: High
   CWE: CWE-327 (https://cwe.mitre.org/data/definitions/327.html)
   More Info: https://bandit.readthedocs.io/en/1.8.6/plugins/b324_hashlib.html
   Location: /Users/christianmerrill/Documents/GitHub/.venv/lib/python3.13/site-packages/httpx/_auth.py:309:15
308	
309	        return hashlib.sha1(s).hexdigest()[:16].encode()
310	

--------------------------------------------------
>> Issue: [B324:hashlib] Use of weak SHA1 hash for security. Consider usedforsecurity=False
   Severity: High   Confidence: High
   CWE: CWE-327 (https://cwe.mitre.org/data/definitions/327.html)
   More Info: https://bandit.readthedocs.io/en/1.8.6/plugins/b324_hashlib.html
   Location: /Users/christianmerrill/Documents/GitHub/.venv/lib/python3.13/site-packages/huggingface_hub/_local_folder.py:447:36
446	def _short_hash(filename: str) -> str:
447	    return base64.urlsafe_b64encode(hashlib.sha1(filename.encode()).digest()).decode()

--------------------------------------------------
>> Issue: [B202:tarfile_unsafe_members] tarfile.extractall used without any validation. Please check and discard dangerous members.
   Severity: High   Confidence: High
   CWE: CWE-22 (https://cwe.mitre.org/data/definitions/22.html)
   More Info: https://bandit.readthedocs.io/en/1.8.6/plugins/b202_tarfile_unsafe_members.html
   Location: /Users/christianmerrill/Documents/GitHub/.venv/lib/python3.13/site-packages/jaraco/context/__init__.py:81:12
80	        with tarfile.open(fileobj=req, mode='r|*') as tf:
81	            tf.extractall(path=target_dir, filter=strip_first_component)
82	        yield target_dir

--------------------------------------------------
>> Issue: [B324:hashlib] Use of weak SHA1 hash for security. Consider usedforsecurity=False
   Severity: High   Confidence: High
   CWE: CWE-327 (https://cwe.mitre.org/data/definitions/327.html)
   More Info: https://bandit.readthedocs.io/en/1.8.6/plugins/b324_hashlib.html
   Location: /Users/christianmerrill/Documents/GitHub/.venv/lib/python3.13/site-packages/jinja2/bccache.py:156:15
155	        """Returns the unique hash key for this template name."""
156	        hash = sha1(name.encode("utf-8"))
157	

--------------------------------------------------
>> Issue: [B324:hashlib] Use of weak SHA1 hash for security. Consider usedforsecurity=False
   Severity: High   Confidence: High
   CWE: CWE-327 (https://cwe.mitre.org/data/definitions/327.html)
   More Info: https://bandit.readthedocs.io/en/1.8.6/plugins/b324_hashlib.html
   Location: /Users/christianmerrill/Documents/GitHub/.venv/lib/python3.13/site-packages/jinja2/bccache.py:165:15
164	        """Returns a checksum for the source."""
165	        return sha1(source.encode("utf-8")).hexdigest()
166	

--------------------------------------------------
>> Issue: [B324:hashlib] Use of weak SHA1 hash for security. Consider usedforsecurity=False
   Severity: High   Confidence: High
   CWE: CWE-327 (https://cwe.mitre.org/data/definitions/327.html)
   More Info: https://bandit.readthedocs.io/en/1.8.6/plugins/b324_hashlib.html
   Location: /Users/christianmerrill/Documents/GitHub/.venv/lib/python3.13/site-packages/jinja2/loaders.py:661:25
660	    def get_template_key(name: str) -> str:
661	        return "tmpl_" + sha1(name.encode("utf-8")).hexdigest()
662	

--------------------------------------------------
>> Issue: [B324:hashlib] Use of weak MD5 hash for security. Consider usedforsecurity=False
   Severity: High   Confidence: High
   CWE: CWE-327 (https://cwe.mitre.org/data/definitions/327.html)
   More Info: https://bandit.readthedocs.io/en/1.8.6/plugins/b324_hashlib.html
   Location: /Users/christianmerrill/Documents/GitHub/.venv/lib/python3.13/site-packages/joblib/test/test_hashing.py:228:15
227	    def md5_hash(x):
228	        return hashlib.md5(memoryview(x)).hexdigest()
229	

--------------------------------------------------
>> Issue: [B602:subprocess_popen_with_shell_equals_true] subprocess call with shell=True identified, security issue.
   Severity: High   Confidence: High
   CWE: CWE-78 (https://cwe.mitre.org/data/definitions/78.html)
   More Info: https://bandit.readthedocs.io/en/1.8.6/plugins/b602_subprocess_popen_with_shell_equals_true.html
   Location: /Users/christianmerrill/Documents/GitHub/.venv/lib/python3.13/site-packages/pip/_internal/commands/configuration.py:247:12
246	        try:
247	            subprocess.check_call(f'{editor} "{fname}"', shell=True)
248	        except FileNotFoundError as e:

--------------------------------------------------
>> Issue: [B411:blacklist] Using xmlrpc.client to parse untrusted XML data is known to be vulnerable to XML attacks. Use defusedxml.xmlrpc.monkey_patch() function to monkey-patch xmlrpclib and mitigate XML vulnerabilities.
   Severity: High   Confidence: High
   CWE: CWE-20 (https://cwe.mitre.org/data/definitions/20.html)
   More Info: https://bandit.readthedocs.io/en/1.8.6/blacklists/blacklist_imports.html#b411-import-xmlrpclib
   Location: /Users/christianmerrill/Documents/GitHub/.venv/lib/python3.13/site-packages/pip/_internal/commands/search.py:7:0
6	import textwrap
7	import xmlrpc.client
8	from collections import OrderedDict

--------------------------------------------------
>> Issue: [B411:blacklist] Using xmlrpc.client to parse untrusted XML data is known to be vulnerable to XML attacks. Use defusedxml.xmlrpc.monkey_patch() function to monkey-patch xmlrpclib and mitigate XML vulnerabilities.
   Severity: High   Confidence: High
   CWE: CWE-20 (https://cwe.mitre.org/data/definitions/20.html)
   More Info: https://bandit.readthedocs.io/en/1.8.6/blacklists/blacklist_imports.html#b411-import-xmlrpclib
   Location: /Users/christianmerrill/Documents/GitHub/.venv/lib/python3.13/site-packages/pip/_internal/network/xmlrpc.py:5:0
4	import urllib.parse
5	import xmlrpc.client
6	from typing import TYPE_CHECKING

--------------------------------------------------
>> Issue: [B411:blacklist] Using _HostType to parse untrusted XML data is known to be vulnerable to XML attacks. Use defusedxml.xmlrpc.monkey_patch() function to monkey-patch xmlrpclib and mitigate XML vulnerabilities.
   Severity: High   Confidence: High
   CWE: CWE-20 (https://cwe.mitre.org/data/definitions/20.html)
   More Info: https://bandit.readthedocs.io/en/1.8.6/blacklists/blacklist_imports.html#b411-import-xmlrpclib
   Location: /Users/christianmerrill/Documents/GitHub/.venv/lib/python3.13/site-packages/pip/_internal/network/xmlrpc.py:13:4
12	if TYPE_CHECKING:
13	    from xmlrpc.client import _HostType, _Marshallable
14	

--------------------------------------------------
>> Issue: [B202:tarfile_unsafe_members] tarfile.extractall used without any validation. Please check and discard dangerous members.
   Severity: High   Confidence: High
   CWE: CWE-22 (https://cwe.mitre.org/data/definitions/22.html)
   More Info: https://bandit.readthedocs.io/en/1.8.6/plugins/b202_tarfile_unsafe_members.html
   Location: /Users/christianmerrill/Documents/GitHub/.venv/lib/python3.13/site-packages/pip/_internal/utils/unpacking.py:245:12
244	
245	            tar.extractall(location, filter=pip_filter)
246	

--------------------------------------------------
>> Issue: [B411:blacklist] Using xmlrpclib to parse untrusted XML data is known to be vulnerable to XML attacks. Use defusedxml.xmlrpc.monkey_patch() function to monkey-patch xmlrpclib and mitigate XML vulnerabilities.
   Severity: High   Confidence: High
   CWE: CWE-20 (https://cwe.mitre.org/data/definitions/20.html)
   More Info: https://bandit.readthedocs.io/en/1.8.6/blacklists/blacklist_imports.html#b411-import-xmlrpclib
   Location: /Users/christianmerrill/Documents/GitHub/.venv/lib/python3.13/site-packages/pip/_vendor/distlib/compat.py:42:4
41	    import httplib
42	    import xmlrpclib
43	    import Queue as queue

--------------------------------------------------
>> Issue: [B411:blacklist] Using xmlrpc.client to parse untrusted XML data is known to be vulnerable to XML attacks. Use defusedxml.xmlrpc.monkey_patch() function to monkey-patch xmlrpclib and mitigate XML vulnerabilities.
   Severity: High   Confidence: High
   CWE: CWE-20 (https://cwe.mitre.org/data/definitions/20.html)
   More Info: https://bandit.readthedocs.io/en/1.8.6/blacklists/blacklist_imports.html#b411-import-xmlrpclib
   Location: /Users/christianmerrill/Documents/GitHub/.venv/lib/python3.13/site-packages/pip/_vendor/distlib/compat.py:81:4
80	    import urllib.request as urllib2
81	    import xmlrpc.client as xmlrpclib
82	    import queue

--------------------------------------------------
>> Issue: [B202:tarfile_unsafe_members] tarfile.extractall used without any validation. Please check and discard dangerous members.
   Severity: High   Confidence: High
   CWE: CWE-22 (https://cwe.mitre.org/data/definitions/22.html)
   More Info: https://bandit.readthedocs.io/en/1.8.6/plugins/b202_tarfile_unsafe_members.html
   Location: /Users/christianmerrill/Documents/GitHub/.venv/lib/python3.13/site-packages/pip/_vendor/distlib/util.py:1285:8
1284	
1285	        archive.extractall(dest_dir)
1286	

--------------------------------------------------
>> Issue: [B324:hashlib] Use of weak MD5 hash for security. Consider usedforsecurity=False
   Severity: High   Confidence: High
   CWE: CWE-327 (https://cwe.mitre.org/data/definitions/327.html)
   More Info: https://bandit.readthedocs.io/en/1.8.6/plugins/b324_hashlib.html
   Location: /Users/christianmerrill/Documents/GitHub/.venv/lib/python3.13/site-packages/pip/_vendor/requests/auth.py:148:23
147	                    x = x.encode("utf-8")
148	                return hashlib.md5(x).hexdigest()
149	

--------------------------------------------------
>> Issue: [B324:hashlib] Use of weak SHA1 hash for security. Consider usedforsecurity=False
   Severity: High   Confidence: High
   CWE: CWE-327 (https://cwe.mitre.org/data/definitions/327.html)
   More Info: https://bandit.readthedocs.io/en/1.8.6/plugins/b324_hashlib.html
   Location: /Users/christianmerrill/Documents/GitHub/.venv/lib/python3.13/site-packages/pip/_vendor/requests/auth.py:156:23
155	                    x = x.encode("utf-8")
156	                return hashlib.sha1(x).hexdigest()
157	

--------------------------------------------------
>> Issue: [B324:hashlib] Use of weak SHA1 hash for security. Consider usedforsecurity=False
   Severity: High   Confidence: High
   CWE: CWE-327 (https://cwe.mitre.org/data/definitions/327.html)
   More Info: https://bandit.readthedocs.io/en/1.8.6/plugins/b324_hashlib.html
   Location: /Users/christianmerrill/Documents/GitHub/.venv/lib/python3.13/site-packages/pip/_vendor/requests/auth.py:205:17
204	
205	        cnonce = hashlib.sha1(s).hexdigest()[:16]
206	        if _algorithm == "MD5-SESS":

--------------------------------------------------
>> Issue: [B202:tarfile_unsafe_members] tarfile.extractall used without any validation. Please check and discard dangerous members.
   Severity: High   Confidence: High
   CWE: CWE-22 (https://cwe.mitre.org/data/definitions/22.html)
   More Info: https://bandit.readthedocs.io/en/1.8.6/plugins/b202_tarfile_unsafe_members.html
   Location: /Users/christianmerrill/Documents/GitHub/.venv/lib/python3.13/site-packages/pygments/lexers/_php_builtins.py:3301:12
3300	        with tarfile.open(download[0]) as tar:
3301	            tar.extractall()
3302	        yield from glob.glob(f"{PHP_MANUAL_DIR}{PHP_REFERENCE_GLOB}")

--------------------------------------------------
>> Issue: [B324:hashlib] Use of weak MD5 hash for security. Consider usedforsecurity=False
   Severity: High   Confidence: High
   CWE: CWE-327 (https://cwe.mitre.org/data/definitions/327.html)
   More Info: https://bandit.readthedocs.io/en/1.8.6/plugins/b324_hashlib.html
   Location: /Users/christianmerrill/Documents/GitHub/.venv/lib/python3.13/site-packages/requests/auth.py:148:23
147	                    x = x.encode("utf-8")
148	                return hashlib.md5(x).hexdigest()
149	

--------------------------------------------------
>> Issue: [B324:hashlib] Use of weak SHA1 hash for security. Consider usedforsecurity=False
   Severity: High   Confidence: High
   CWE: CWE-327 (https://cwe.mitre.org/data/definitions/327.html)
   More Info: https://bandit.readthedocs.io/en/1.8.6/plugins/b324_hashlib.html
   Location: /Users/christianmerrill/Documents/GitHub/.venv/lib/python3.13/site-packages/requests/auth.py:156:23
155	                    x = x.encode("utf-8")
156	                return hashlib.sha1(x).hexdigest()
157	

--------------------------------------------------
>> Issue: [B324:hashlib] Use of weak SHA1 hash for security. Consider usedforsecurity=False
   Severity: High   Confidence: High
   CWE: CWE-327 (https://cwe.mitre.org/data/definitions/327.html)
   More Info: https://bandit.readthedocs.io/en/1.8.6/plugins/b324_hashlib.html
   Location: /Users/christianmerrill/Documents/GitHub/.venv/lib/python3.13/site-packages/requests/auth.py:205:17
204	
205	        cnonce = hashlib.sha1(s).hexdigest()[:16]
206	        if _algorithm == "MD5-SESS":

--------------------------------------------------
>> Issue: [B605:start_process_with_a_shell] Starting a process with a shell, possible injection detected, security issue.
   Severity: High   Confidence: High
   CWE: CWE-78 (https://cwe.mitre.org/data/definitions/78.html)
   More Info: https://bandit.readthedocs.io/en/1.8.6/plugins/b605_start_process_with_a_shell.html
   Location: /Users/christianmerrill/Documents/GitHub/.venv/lib/python3.13/site-packages/setuptools/_distutils/command/bdist_rpm.py:357:14
356	
357	        out = os.popen(q_cmd)
358	        try:

--------------------------------------------------
>> Issue: [B103:set_bad_file_permissions] Chmod setting a permissive mask 0o777 on file (exe).
   Severity: High   Confidence: High
   CWE: CWE-732 (https://cwe.mitre.org/data/definitions/732.html)
   More Info: https://bandit.readthedocs.io/en/1.8.6/plugins/b103_set_bad_file_permissions.html
   Location: /Users/christianmerrill/Documents/GitHub/.venv/lib/python3.13/site-packages/setuptools/_distutils/tests/test_spawn.py:32:8
31	
32	        os.chmod(exe, 0o777)
33	        with pytest.raises(DistutilsExecError):

--------------------------------------------------
>> Issue: [B103:set_bad_file_permissions] Chmod setting a permissive mask 0o777 on file (exe).
   Severity: High   Confidence: High
   CWE: CWE-732 (https://cwe.mitre.org/data/definitions/732.html)
   More Info: https://bandit.readthedocs.io/en/1.8.6/plugins/b103_set_bad_file_permissions.html
   Location: /Users/christianmerrill/Documents/GitHub/.venv/lib/python3.13/site-packages/setuptools/_distutils/tests/test_spawn.py:44:8
43	
44	        os.chmod(exe, 0o777)
45	        spawn([exe])  # should work without any error

--------------------------------------------------
>> Issue: [B202:tarfile_unsafe_members] tarfile.extractall used without any validation. Please check and discard dangerous members.
   Severity: High   Confidence: High
   CWE: CWE-22 (https://cwe.mitre.org/data/definitions/22.html)
   More Info: https://bandit.readthedocs.io/en/1.8.6/plugins/b202_tarfile_unsafe_members.html
   Location: /Users/christianmerrill/Documents/GitHub/.venv/lib/python3.13/site-packages/setuptools/_vendor/jaraco/context.py:65:12
64	        with tarfile.open(fileobj=req, mode='r|*') as tf:
65	            tf.extractall(path=target_dir, filter=strip_first_component)
66	        yield target_dir

--------------------------------------------------
>> Issue: [B602:subprocess_popen_with_shell_equals_true] subprocess call with shell=True identified, security issue.
   Severity: High   Confidence: High
   CWE: CWE-78 (https://cwe.mitre.org/data/definitions/78.html)
   More Info: https://bandit.readthedocs.io/en/1.8.6/plugins/b602_subprocess_popen_with_shell_equals_true.html
   Location: /Users/christianmerrill/Documents/GitHub/.venv/lib/python3.13/site-packages/setuptools/tests/environment.py:77:15
76	            stderr=_PIPE,
77	            shell=shell,
78	            env=env,
79	            encoding="utf-8",
80	        )
81	
82	        if isinstance(data_stream, tuple):
83	            data_stream = slice(*data_stream)
84	        data = proc.communicate()[data_stream]
85	    except OSError:

--------------------------------------------------
>> Issue: [B324:hashlib] Use of weak MD5 hash for security. Consider usedforsecurity=False
   Severity: High   Confidence: High
   CWE: CWE-327 (https://cwe.mitre.org/data/definitions/327.html)
   More Info: https://bandit.readthedocs.io/en/1.8.6/plugins/b324_hashlib.html
   Location: /Users/christianmerrill/Documents/GitHub/.venv/lib/python3.13/site-packages/setuptools/tests/integration/test_pip_install_sdist.py:190:11
189	
190	    assert md5(data).hexdigest() == md5_digest
191	

--------------------------------------------------
>> Issue: [B103:set_bad_file_permissions] Chmod setting a permissive mask 0o777 on file (runsh).
   Severity: High   Confidence: High
   CWE: CWE-732 (https://cwe.mitre.org/data/definitions/732.html)
   More Info: https://bandit.readthedocs.io/en/1.8.6/plugins/b103_set_bad_file_permissions.html
   Location: /Users/christianmerrill/Documents/GitHub/.venv/lib/python3.13/site-packages/setuptools/tests/test_wheel.py:626:12
625	            runsh = pathlib.Path(source_dir) / "script.sh"
626	            os.chmod(runsh, 0o777)
627	            subprocess.check_call(

--------------------------------------------------
>> Issue: [B202:tarfile_unsafe_members] tarfile.extractall used without any validation. Please check and discard dangerous members.
   Severity: High   Confidence: High
   CWE: CWE-22 (https://cwe.mitre.org/data/definitions/22.html)
   More Info: https://bandit.readthedocs.io/en/1.8.6/plugins/b202_tarfile_unsafe_members.html
   Location: /Users/christianmerrill/Documents/GitHub/.venv/lib/python3.13/site-packages/sklearn/datasets/_lfw.py:121:12
120	        with tarfile.open(archive_path, "r:gz") as fp:
121	            tarfile_extractall(fp, path=lfw_home)
122	

--------------------------------------------------
>> Issue: [B324:hashlib] Use of weak MD5 hash for security. Consider usedforsecurity=False
   Severity: High   Confidence: High
   CWE: CWE-327 (https://cwe.mitre.org/data/definitions/327.html)
   More Info: https://bandit.readthedocs.io/en/1.8.6/plugins/b324_hashlib.html
   Location: /Users/christianmerrill/Documents/GitHub/.venv/lib/python3.13/site-packages/sklearn/datasets/_openml.py:526:14
525	    with closing(gzip_file):
526	        md5 = hashlib.md5()
527	        for chunk in iter(lambda: gzip_file.read(4096), b""):

--------------------------------------------------
>> Issue: [B202:tarfile_unsafe_members] tarfile.extractall used without any validation. Please check and discard dangerous members.
   Severity: High   Confidence: High
   CWE: CWE-22 (https://cwe.mitre.org/data/definitions/22.html)
   More Info: https://bandit.readthedocs.io/en/1.8.6/plugins/b202_tarfile_unsafe_members.html
   Location: /Users/christianmerrill/Documents/GitHub/.venv/lib/python3.13/site-packages/sklearn/datasets/_twenty_newsgroups.py:85:8
84	    with tarfile.open(archive_path, "r:gz") as fp:
85	        tarfile_extractall(fp, path=target_dir)
86	

--------------------------------------------------
>> Issue: [B701:jinja2_autoescape_false] By default, jinja2 sets autoescape to False. Consider using autoescape=True or use the select_autoescape function to mitigate XSS vulnerabilities.
   Severity: High   Confidence: High
   CWE: CWE-94 (https://cwe.mitre.org/data/definitions/94.html)
   More Info: https://bandit.readthedocs.io/en/1.8.6/plugins/b701_jinja2_autoescape_false.html
   Location: /Users/christianmerrill/Documents/GitHub/.venv/lib/python3.13/site-packages/starlette/templating.py:116:15
115	
116	        return jinja2.Environment(**env_options)
117	

--------------------------------------------------
>> Issue: [B602:subprocess_popen_with_shell_equals_true] subprocess call with shell=True identified, security issue.
   Severity: High   Confidence: High
   CWE: CWE-78 (https://cwe.mitre.org/data/definitions/78.html)
   More Info: https://bandit.readthedocs.io/en/1.8.6/plugins/b602_subprocess_popen_with_shell_equals_true.html
   Location: /Users/christianmerrill/Documents/GitHub/.venv/lib/python3.13/site-packages/sympy/external/tests/test_codegen.py:122:22
121	        for command in commands:
122	            retcode = subprocess.call(command, stdout=null, shell=True,
123	                    stderr=subprocess.STDOUT)
124	            if retcode != 0:

--------------------------------------------------
>> Issue: [B602:subprocess_popen_with_shell_equals_true] subprocess call with shell=True identified, security issue.
   Severity: High   Confidence: High
   CWE: CWE-78 (https://cwe.mitre.org/data/definitions/78.html)
   More Info: https://bandit.readthedocs.io/en/1.8.6/plugins/b602_subprocess_popen_with_shell_equals_true.html
   Location: /Users/christianmerrill/Documents/GitHub/.venv/lib/python3.13/site-packages/sympy/utilities/_compilation/runners.py:191:12
190	        p = subprocess.Popen(' '.join(self.cmd()),
191	                             shell=True,
192	                             cwd=self.cwd,
193	                             stdin=subprocess.PIPE,
194	                             stdout=subprocess.PIPE,
195	                             stderr=subprocess.STDOUT,
196	                             env=env)
197	        comm = p.communicate()
198	        try:

--------------------------------------------------
>> Issue: [B701:jinja2_autoescape_false] By default, jinja2 sets autoescape to False. Consider using autoescape=True or use the select_autoescape function to mitigate XSS vulnerabilities.
   Severity: High   Confidence: High
   CWE: CWE-94 (https://cwe.mitre.org/data/definitions/94.html)
   More Info: https://bandit.readthedocs.io/en/1.8.6/plugins/b701_jinja2_autoescape_false.html
   Location: /Users/christianmerrill/Documents/GitHub/.venv/lib/python3.13/site-packages/torch/_inductor/codegen/common.py:2253:15
2252	
2253	        return jinja2.Environment(
2254	            undefined=jinja2.StrictUndefined,
2255	        )
2256	    except ImportError:

--------------------------------------------------
>> Issue: [B701:jinja2_autoescape_false] By default, jinja2 sets autoescape to False. Consider using autoescape=True or use the select_autoescape function to mitigate XSS vulnerabilities.
   Severity: High   Confidence: High
   CWE: CWE-94 (https://cwe.mitre.org/data/definitions/94.html)
   More Info: https://bandit.readthedocs.io/en/1.8.6/plugins/b701_jinja2_autoescape_false.html
   Location: /Users/christianmerrill/Documents/GitHub/.venv/lib/python3.13/site-packages/torch/_inductor/select_algorithm.py:1132:15
1131	
1132	        return jinja2.Environment(
1133	            undefined=jinja2.StrictUndefined,
1134	        )
1135	    except ImportError:

--------------------------------------------------
>> Issue: [B602:subprocess_popen_with_shell_equals_true] subprocess call with shell=True identified, security issue.
   Severity: High   Confidence: High
   CWE: CWE-78 (https://cwe.mitre.org/data/definitions/78.html)
   More Info: https://bandit.readthedocs.io/en/1.8.6/plugins/b602_subprocess_popen_with_shell_equals_true.html
   Location: /Users/christianmerrill/Documents/GitHub/.venv/lib/python3.13/site-packages/torch/utils/collect_env.py:94:8
93	    p = subprocess.Popen(command, stdout=subprocess.PIPE,
94	                         stderr=subprocess.PIPE, shell=shell)
95	    raw_output, raw_err = p.communicate()
96	    rc = p.returncode

--------------------------------------------------
>> Issue: [B602:subprocess_popen_with_shell_equals_true] subprocess call with shell=True identified, security issue.
   Severity: High   Confidence: High
   CWE: CWE-78 (https://cwe.mitre.org/data/definitions/78.html)
   More Info: https://bandit.readthedocs.io/en/1.8.6/plugins/b602_subprocess_popen_with_shell_equals_true.html
   Location: /Users/christianmerrill/Documents/GitHub/.venv/lib/python3.13/site-packages/torch/utils/cpp_extension.py:1821:12
1820	        try:
1821	            subprocess.check_output(pch_cmd, shell=True, stderr=subprocess.STDOUT)
1822	        except subprocess.CalledProcessError as e:

--------------------------------------------------
>> Issue: [B602:subprocess_popen_with_shell_equals_true] subprocess call with shell=True identified, security issue.
   Severity: High   Confidence: High
   CWE: CWE-78 (https://cwe.mitre.org/data/definitions/78.html)
   More Info: https://bandit.readthedocs.io/en/1.8.6/plugins/b602_subprocess_popen_with_shell_equals_true.html
   Location: /Users/christianmerrill/Documents/GitHub/.venv/lib/python3.13/site-packages/torch/utils/cpp_extension.py:2597:8
2596	            command,
2597	            shell=IS_WINDOWS and IS_HIP_EXTENSION,
2598	            stdout=stdout_fileno if verbose else subprocess.PIPE,
2599	            stderr=subprocess.STDOUT,
2600	            cwd=build_directory,
2601	            check=True,
2602	            env=env)
2603	    except subprocess.CalledProcessError as e:
2604	        # Python 2 and 3 compatible way of getting the error object.
2605	        _, error, _ = sys.exc_info()

--------------------------------------------------
>> Issue: [B324:hashlib] Use of weak SHA1 hash for security. Consider usedforsecurity=False
   Severity: High   Confidence: High
   CWE: CWE-327 (https://cwe.mitre.org/data/definitions/327.html)
   More Info: https://bandit.readthedocs.io/en/1.8.6/plugins/b324_hashlib.html
   Location: /Users/christianmerrill/Documents/GitHub/.venv/lib/python3.13/site-packages/websockets/utils.py:32:11
31	    """
32	    sha1 = hashlib.sha1((key + GUID).encode()).digest()
33	    return base64.b64encode(sha1).decode()

--------------------------------------------------
>> Issue: [B605:start_process_with_a_shell] Starting a process with a shell, possible injection detected, security issue.
   Severity: High   Confidence: High
   CWE: CWE-78 (https://cwe.mitre.org/data/definitions/78.html)
   More Info: https://bandit.readthedocs.io/en/1.8.6/plugins/b605_start_process_with_a_shell.html
   Location: /Users/christianmerrill/Documents/GitHub/.venv/lib/python3.9/site-packages/PyObjCTools/Debugging.py:95:11
94	
95	    return os.popen(f"{_atos_command} -p {os.getpid()} {stack}")
96	

--------------------------------------------------
>> Issue: [B324:hashlib] Use of weak SHA1 hash for security. Consider usedforsecurity=False
   Severity: High   Confidence: High
   CWE: CWE-327 (https://cwe.mitre.org/data/definitions/327.html)
   More Info: https://bandit.readthedocs.io/en/1.8.6/plugins/b324_hashlib.html
   Location: /Users/christianmerrill/Documents/GitHub/.venv/lib/python3.9/site-packages/aiohttp/client.py:1112:37
1111	            r_key = resp.headers.get(hdrs.SEC_WEBSOCKET_ACCEPT, "")
1112	            match = base64.b64encode(hashlib.sha1(sec_key + WS_KEY).digest()).decode()
1113	            if r_key != match:

--------------------------------------------------
>> Issue: [B324:hashlib] Use of weak SHA1 hash for security. Consider usedforsecurity=False
   Severity: High   Confidence: High
   CWE: CWE-327 (https://cwe.mitre.org/data/definitions/327.html)
   More Info: https://bandit.readthedocs.io/en/1.8.6/plugins/b324_hashlib.html
   Location: /Users/christianmerrill/Documents/GitHub/.venv/lib/python3.9/site-packages/aiohttp/client_middleware_digest_auth.py:313:17
312	        # Generate client nonce
313	        cnonce = hashlib.sha1(
314	            b"".join(
315	                [
316	                    str(self._nonce_count).encode("utf-8"),
317	                    nonce_bytes,
318	                    time.ctime().encode("utf-8"),
319	                    os.urandom(8),
320	                ]
321	            )
322	        ).hexdigest()[:16]
323	        cnonce_bytes = cnonce.encode("utf-8")

--------------------------------------------------
>> Issue: [B324:hashlib] Use of weak SHA1 hash for security. Consider usedforsecurity=False
   Severity: High   Confidence: High
   CWE: CWE-327 (https://cwe.mitre.org/data/definitions/327.html)
   More Info: https://bandit.readthedocs.io/en/1.8.6/plugins/b324_hashlib.html
   Location: /Users/christianmerrill/Documents/GitHub/.venv/lib/python3.9/site-packages/aiohttp/web_ws.py:275:12
274	        accept_val = base64.b64encode(
275	            hashlib.sha1(key.encode() + WS_KEY).digest()
276	        ).decode()

--------------------------------------------------
>> Issue: [B602:subprocess_popen_with_shell_equals_true] subprocess call with shell=True identified, security issue.
   Severity: High   Confidence: High
   CWE: CWE-78 (https://cwe.mitre.org/data/definitions/78.html)
   More Info: https://bandit.readthedocs.io/en/1.8.6/plugins/b602_subprocess_popen_with_shell_equals_true.html
   Location: /Users/christianmerrill/Documents/GitHub/.venv/lib/python3.9/site-packages/click/_termui_impl.py:429:8
428	        [cmd_absolute],
429	        shell=True,
430	        stdin=subprocess.PIPE,
431	        env=env,
432	        errors="replace",
433	        text=True,
434	    )
435	    assert c.stdin is not None
436	    try:
437	        for text in generator:

--------------------------------------------------
>> Issue: [B602:subprocess_popen_with_shell_equals_true] subprocess call with shell=True identified, security issue.
   Severity: High   Confidence: High
   CWE: CWE-78 (https://cwe.mitre.org/data/definitions/78.html)
   More Info: https://bandit.readthedocs.io/en/1.8.6/plugins/b602_subprocess_popen_with_shell_equals_true.html
   Location: /Users/christianmerrill/Documents/GitHub/.venv/lib/python3.9/site-packages/click/_termui_impl.py:552:16
551	        try:
552	            c = subprocess.Popen(f'{editor} "{filename}"', env=environ, shell=True)
553	            exit_code = c.wait()

--------------------------------------------------
>> Issue: [B324:hashlib] Use of weak SHA1 hash for security. Consider usedforsecurity=False
   Severity: High   Confidence: High
   CWE: CWE-327 (https://cwe.mitre.org/data/definitions/327.html)
   More Info: https://bandit.readthedocs.io/en/1.8.6/plugins/b324_hashlib.html
   Location: /Users/christianmerrill/Documents/GitHub/.venv/lib/python3.9/site-packages/flask/sessions.py:295:11
294	    """
295	    return hashlib.sha1(string)
296	

--------------------------------------------------
>> Issue: [B324:hashlib] Use of weak SHA1 hash for security. Consider usedforsecurity=False
   Severity: High   Confidence: High
   CWE: CWE-327 (https://cwe.mitre.org/data/definitions/327.html)
   More Info: https://bandit.readthedocs.io/en/1.8.6/plugins/b324_hashlib.html
   Location: /Users/christianmerrill/Documents/GitHub/.venv/lib/python3.9/site-packages/google/protobuf/proto_builder.py:68:16
67	  # proto files.
68	  fields_hash = hashlib.sha1()
69	  for f_name, f_type in field_items:

--------------------------------------------------
>> Issue: [B324:hashlib] Use of weak SHA1 hash for security. Consider usedforsecurity=False
   Severity: High   Confidence: High
   CWE: CWE-327 (https://cwe.mitre.org/data/definitions/327.html)
   More Info: https://bandit.readthedocs.io/en/1.8.6/plugins/b324_hashlib.html
   Location: /Users/christianmerrill/Documents/GitHub/.venv/lib/python3.9/site-packages/httpx/_auth.py:309:15
308	
309	        return hashlib.sha1(s).hexdigest()[:16].encode()
310	

--------------------------------------------------
>> Issue: [B324:hashlib] Use of weak SHA1 hash for security. Consider usedforsecurity=False
   Severity: High   Confidence: High
   CWE: CWE-327 (https://cwe.mitre.org/data/definitions/327.html)
   More Info: https://bandit.readthedocs.io/en/1.8.6/plugins/b324_hashlib.html
   Location: /Users/christianmerrill/Documents/GitHub/.venv/lib/python3.9/site-packages/itsdangerous/signer.py:45:11
44	    """
45	    return hashlib.sha1(string)
46	

--------------------------------------------------
>> Issue: [B202:tarfile_unsafe_members] tarfile.extractall used without any validation. Please check and discard dangerous members.
   Severity: High   Confidence: High
   CWE: CWE-22 (https://cwe.mitre.org/data/definitions/22.html)
   More Info: https://bandit.readthedocs.io/en/1.8.6/plugins/b202_tarfile_unsafe_members.html
   Location: /Users/christianmerrill/Documents/GitHub/.venv/lib/python3.9/site-packages/jaraco/context/__init__.py:81:12
80	        with tarfile.open(fileobj=req, mode='r|*') as tf:
81	            tf.extractall(path=target_dir, filter=strip_first_component)
82	        yield target_dir

--------------------------------------------------
>> Issue: [B324:hashlib] Use of weak SHA1 hash for security. Consider usedforsecurity=False
   Severity: High   Confidence: High
   CWE: CWE-327 (https://cwe.mitre.org/data/definitions/327.html)
   More Info: https://bandit.readthedocs.io/en/1.8.6/plugins/b324_hashlib.html
   Location: /Users/christianmerrill/Documents/GitHub/.venv/lib/python3.9/site-packages/jinja2/bccache.py:156:15
155	        """Returns the unique hash key for this template name."""
156	        hash = sha1(name.encode("utf-8"))
157	

--------------------------------------------------
>> Issue: [B324:hashlib] Use of weak SHA1 hash for security. Consider usedforsecurity=False
   Severity: High   Confidence: High
   CWE: CWE-327 (https://cwe.mitre.org/data/definitions/327.html)
   More Info: https://bandit.readthedocs.io/en/1.8.6/plugins/b324_hashlib.html
   Location: /Users/christianmerrill/Documents/GitHub/.venv/lib/python3.9/site-packages/jinja2/bccache.py:165:15
164	        """Returns a checksum for the source."""
165	        return sha1(source.encode("utf-8")).hexdigest()
166	

--------------------------------------------------
>> Issue: [B324:hashlib] Use of weak SHA1 hash for security. Consider usedforsecurity=False
   Severity: High   Confidence: High
   CWE: CWE-327 (https://cwe.mitre.org/data/definitions/327.html)
   More Info: https://bandit.readthedocs.io/en/1.8.6/plugins/b324_hashlib.html
   Location: /Users/christianmerrill/Documents/GitHub/.venv/lib/python3.9/site-packages/jinja2/loaders.py:661:25
660	    def get_template_key(name: str) -> str:
661	        return "tmpl_" + sha1(name.encode("utf-8")).hexdigest()
662	

--------------------------------------------------
>> Issue: [B605:start_process_with_a_shell] Starting a process with a shell, possible injection detected, security issue.
   Severity: High   Confidence: High
   CWE: CWE-78 (https://cwe.mitre.org/data/definitions/78.html)
   More Info: https://bandit.readthedocs.io/en/1.8.6/plugins/b605_start_process_with_a_shell.html
   Location: /Users/christianmerrill/Documents/GitHub/.venv/lib/python3.9/site-packages/numpy/distutils/cpuinfo.py:29:25
28	    try:
29	        status, output = getstatusoutput(cmd)
30	    except OSError as e:

--------------------------------------------------
>> Issue: [B602:subprocess_popen_with_shell_equals_true] subprocess call with shell=True identified, security issue.
   Severity: High   Confidence: High
   CWE: CWE-78 (https://cwe.mitre.org/data/definitions/78.html)
   More Info: https://bandit.readthedocs.io/en/1.8.6/plugins/b602_subprocess_popen_with_shell_equals_true.html
   Location: /Users/christianmerrill/Documents/GitHub/.venv/lib/python3.9/site-packages/numpy/distutils/exec_command.py:283:15
282	        # it encounters an invalid character; rather, we simply replace it
283	        proc = subprocess.Popen(command, shell=use_shell, env=env, text=False,
284	                                stdout=subprocess.PIPE,
285	                                stderr=subprocess.STDOUT)
286	    except OSError:

--------------------------------------------------
>> Issue: [B324:hashlib] Use of weak SHA1 hash for security. Consider usedforsecurity=False
   Severity: High   Confidence: High
   CWE: CWE-327 (https://cwe.mitre.org/data/definitions/327.html)
   More Info: https://bandit.readthedocs.io/en/1.8.6/plugins/b324_hashlib.html
   Location: /Users/christianmerrill/Documents/GitHub/.venv/lib/python3.9/site-packages/numpy/distutils/fcompiler/gnu.py:402:12
401	    def _hash_files(self, filenames):
402	        h = hashlib.sha1()
403	        for fn in filenames:

--------------------------------------------------
>> Issue: [B602:subprocess_popen_with_shell_equals_true] subprocess call with shell=True identified, security issue.
   Severity: High   Confidence: High
   CWE: CWE-78 (https://cwe.mitre.org/data/definitions/78.html)
   More Info: https://bandit.readthedocs.io/en/1.8.6/plugins/b602_subprocess_popen_with_shell_equals_true.html
   Location: /Users/christianmerrill/Documents/GitHub/.venv/lib/python3.9/site-packages/numpy/distutils/lib2def.py:66:8
65	nm_output = getnm(nm_cmd = 'nm -Cs py_lib')"""
66	    p = subprocess.Popen(nm_cmd, shell=shell, stdout=subprocess.PIPE,
67	                         stderr=subprocess.PIPE, text=True)
68	    nm_output, nm_err = p.communicate()

--------------------------------------------------
>> Issue: [B602:subprocess_popen_with_shell_equals_true] subprocess call with shell=True identified, security issue.
   Severity: High   Confidence: High
   CWE: CWE-78 (https://cwe.mitre.org/data/definitions/78.html)
   More Info: https://bandit.readthedocs.io/en/1.8.6/plugins/b602_subprocess_popen_with_shell_equals_true.html
   Location: /Users/christianmerrill/Documents/GitHub/.venv/lib/python3.9/site-packages/numpy/distutils/tests/test_shell_utils.py:48:27
47	        # posix has no non-shell string parsing
48	        return lambda cmd: subprocess.check_output(cmd, shell=True)
49	    else:

--------------------------------------------------
>> Issue: [B605:start_process_with_a_shell] Starting a process with a shell, possible injection detected, security issue.
   Severity: High   Confidence: High
   CWE: CWE-78 (https://cwe.mitre.org/data/definitions/78.html)
   More Info: https://bandit.readthedocs.io/en/1.8.6/plugins/b605_start_process_with_a_shell.html
   Location: /Users/christianmerrill/Documents/GitHub/.venv/lib/python3.9/site-packages/numpy/f2py/diagnose.py:9:4
8	    print('Running %r:' % (cmd))
9	    os.system(cmd)
10	    print('------')

--------------------------------------------------
>> Issue: [B602:subprocess_popen_with_shell_equals_true] subprocess call with shell=True identified, security issue.
   Severity: High   Confidence: High
   CWE: CWE-78 (https://cwe.mitre.org/data/definitions/78.html)
   More Info: https://bandit.readthedocs.io/en/1.8.6/plugins/b602_subprocess_popen_with_shell_equals_true.html
   Location: /Users/christianmerrill/Documents/GitHub/.venv/lib/python3.9/site-packages/pip/_internal/commands/configuration.py:247:12
246	        try:
247	            subprocess.check_call(f'{editor} "{fname}"', shell=True)
248	        except FileNotFoundError as e:

--------------------------------------------------
>> Issue: [B411:blacklist] Using xmlrpc.client to parse untrusted XML data is known to be vulnerable to XML attacks. Use defusedxml.xmlrpc.monkey_patch() function to monkey-patch xmlrpclib and mitigate XML vulnerabilities.
   Severity: High   Confidence: High
   CWE: CWE-20 (https://cwe.mitre.org/data/definitions/20.html)
   More Info: https://bandit.readthedocs.io/en/1.8.6/blacklists/blacklist_imports.html#b411-import-xmlrpclib
   Location: /Users/christianmerrill/Documents/GitHub/.venv/lib/python3.9/site-packages/pip/_internal/commands/search.py:7:0
6	import textwrap
7	import xmlrpc.client
8	from collections import OrderedDict

--------------------------------------------------
>> Issue: [B411:blacklist] Using xmlrpc.client to parse untrusted XML data is known to be vulnerable to XML attacks. Use defusedxml.xmlrpc.monkey_patch() function to monkey-patch xmlrpclib and mitigate XML vulnerabilities.
   Severity: High   Confidence: High
   CWE: CWE-20 (https://cwe.mitre.org/data/definitions/20.html)
   More Info: https://bandit.readthedocs.io/en/1.8.6/blacklists/blacklist_imports.html#b411-import-xmlrpclib
   Location: /Users/christianmerrill/Documents/GitHub/.venv/lib/python3.9/site-packages/pip/_internal/network/xmlrpc.py:5:0
4	import urllib.parse
5	import xmlrpc.client
6	from typing import TYPE_CHECKING

--------------------------------------------------
>> Issue: [B411:blacklist] Using _HostType to parse untrusted XML data is known to be vulnerable to XML attacks. Use defusedxml.xmlrpc.monkey_patch() function to monkey-patch xmlrpclib and mitigate XML vulnerabilities.
   Severity: High   Confidence: High
   CWE: CWE-20 (https://cwe.mitre.org/data/definitions/20.html)
   More Info: https://bandit.readthedocs.io/en/1.8.6/blacklists/blacklist_imports.html#b411-import-xmlrpclib
   Location: /Users/christianmerrill/Documents/GitHub/.venv/lib/python3.9/site-packages/pip/_internal/network/xmlrpc.py:13:4
12	if TYPE_CHECKING:
13	    from xmlrpc.client import _HostType, _Marshallable
14	

--------------------------------------------------
>> Issue: [B202:tarfile_unsafe_members] tarfile.extractall used without any validation. Please check and discard dangerous members.
   Severity: High   Confidence: High
   CWE: CWE-22 (https://cwe.mitre.org/data/definitions/22.html)
   More Info: https://bandit.readthedocs.io/en/1.8.6/plugins/b202_tarfile_unsafe_members.html
   Location: /Users/christianmerrill/Documents/GitHub/.venv/lib/python3.9/site-packages/pip/_internal/utils/unpacking.py:245:12
244	
245	            tar.extractall(location, filter=pip_filter)
246	

--------------------------------------------------
>> Issue: [B411:blacklist] Using xmlrpclib to parse untrusted XML data is known to be vulnerable to XML attacks. Use defusedxml.xmlrpc.monkey_patch() function to monkey-patch xmlrpclib and mitigate XML vulnerabilities.
   Severity: High   Confidence: High
   CWE: CWE-20 (https://cwe.mitre.org/data/definitions/20.html)
   More Info: https://bandit.readthedocs.io/en/1.8.6/blacklists/blacklist_imports.html#b411-import-xmlrpclib
   Location: /Users/christianmerrill/Documents/GitHub/.venv/lib/python3.9/site-packages/pip/_vendor/distlib/compat.py:42:4
41	    import httplib
42	    import xmlrpclib
43	    import Queue as queue

--------------------------------------------------
>> Issue: [B411:blacklist] Using xmlrpc.client to parse untrusted XML data is known to be vulnerable to XML attacks. Use defusedxml.xmlrpc.monkey_patch() function to monkey-patch xmlrpclib and mitigate XML vulnerabilities.
   Severity: High   Confidence: High
   CWE: CWE-20 (https://cwe.mitre.org/data/definitions/20.html)
   More Info: https://bandit.readthedocs.io/en/1.8.6/blacklists/blacklist_imports.html#b411-import-xmlrpclib
   Location: /Users/christianmerrill/Documents/GitHub/.venv/lib/python3.9/site-packages/pip/_vendor/distlib/compat.py:81:4
80	    import urllib.request as urllib2
81	    import xmlrpc.client as xmlrpclib
82	    import queue

--------------------------------------------------
>> Issue: [B202:tarfile_unsafe_members] tarfile.extractall used without any validation. Please check and discard dangerous members.
   Severity: High   Confidence: High
   CWE: CWE-22 (https://cwe.mitre.org/data/definitions/22.html)
   More Info: https://bandit.readthedocs.io/en/1.8.6/plugins/b202_tarfile_unsafe_members.html
   Location: /Users/christianmerrill/Documents/GitHub/.venv/lib/python3.9/site-packages/pip/_vendor/distlib/util.py:1285:8
1284	
1285	        archive.extractall(dest_dir)
1286	

--------------------------------------------------
>> Issue: [B324:hashlib] Use of weak MD5 hash for security. Consider usedforsecurity=False
   Severity: High   Confidence: High
   CWE: CWE-327 (https://cwe.mitre.org/data/definitions/327.html)
   More Info: https://bandit.readthedocs.io/en/1.8.6/plugins/b324_hashlib.html
   Location: /Users/christianmerrill/Documents/GitHub/.venv/lib/python3.9/site-packages/pip/_vendor/requests/auth.py:148:23
147	                    x = x.encode("utf-8")
148	                return hashlib.md5(x).hexdigest()
149	

--------------------------------------------------
>> Issue: [B324:hashlib] Use of weak SHA1 hash for security. Consider usedforsecurity=False
   Severity: High   Confidence: High
   CWE: CWE-327 (https://cwe.mitre.org/data/definitions/327.html)
   More Info: https://bandit.readthedocs.io/en/1.8.6/plugins/b324_hashlib.html
   Location: /Users/christianmerrill/Documents/GitHub/.venv/lib/python3.9/site-packages/pip/_vendor/requests/auth.py:156:23
155	                    x = x.encode("utf-8")
156	                return hashlib.sha1(x).hexdigest()
157	

--------------------------------------------------
>> Issue: [B324:hashlib] Use of weak SHA1 hash for security. Consider usedforsecurity=False
   Severity: High   Confidence: High
   CWE: CWE-327 (https://cwe.mitre.org/data/definitions/327.html)
   More Info: https://bandit.readthedocs.io/en/1.8.6/plugins/b324_hashlib.html
   Location: /Users/christianmerrill/Documents/GitHub/.venv/lib/python3.9/site-packages/pip/_vendor/requests/auth.py:205:17
204	
205	        cnonce = hashlib.sha1(s).hexdigest()[:16]
206	        if _algorithm == "MD5-SESS":

--------------------------------------------------
>> Issue: [B202:tarfile_unsafe_members] tarfile.extractall used without any validation. Please check and discard dangerous members.
   Severity: High   Confidence: High
   CWE: CWE-22 (https://cwe.mitre.org/data/definitions/22.html)
   More Info: https://bandit.readthedocs.io/en/1.8.6/plugins/b202_tarfile_unsafe_members.html
   Location: /Users/christianmerrill/Documents/GitHub/.venv/lib/python3.9/site-packages/pygments/lexers/_php_builtins.py:3301:12
3300	        with tarfile.open(download[0]) as tar:
3301	            tar.extractall()
3302	        yield from glob.glob(f"{PHP_MANUAL_DIR}{PHP_REFERENCE_GLOB}")

--------------------------------------------------
>> Issue: [B605:start_process_with_a_shell] Starting a process with a shell, possible injection detected, security issue.
   Severity: High   Confidence: High
   CWE: CWE-78 (https://cwe.mitre.org/data/definitions/78.html)
   More Info: https://bandit.readthedocs.io/en/1.8.6/plugins/b605_start_process_with_a_shell.html
   Location: /Users/christianmerrill/Documents/GitHub/.venv/lib/python3.9/site-packages/pyttsx3/drivers/espeak.py:233:28
232	                        elif platform.system() == "Linux":
233	                            os.system(f"aplay {temp_wav_name} -q")
234	                        elif platform.system() == "Windows":

--------------------------------------------------
>> Issue: [B324:hashlib] Use of weak MD5 hash for security. Consider usedforsecurity=False
   Severity: High   Confidence: High
   CWE: CWE-327 (https://cwe.mitre.org/data/definitions/327.html)
   More Info: https://bandit.readthedocs.io/en/1.8.6/plugins/b324_hashlib.html
   Location: /Users/christianmerrill/Documents/GitHub/.venv/lib/python3.9/site-packages/requests/auth.py:148:23
147	                    x = x.encode("utf-8")
148	                return hashlib.md5(x).hexdigest()
149	

--------------------------------------------------
>> Issue: [B324:hashlib] Use of weak SHA1 hash for security. Consider usedforsecurity=False
   Severity: High   Confidence: High
   CWE: CWE-327 (https://cwe.mitre.org/data/definitions/327.html)
   More Info: https://bandit.readthedocs.io/en/1.8.6/plugins/b324_hashlib.html
   Location: /Users/christianmerrill/Documents/GitHub/.venv/lib/python3.9/site-packages/requests/auth.py:156:23
155	                    x = x.encode("utf-8")
156	                return hashlib.sha1(x).hexdigest()
157	

--------------------------------------------------
>> Issue: [B324:hashlib] Use of weak SHA1 hash for security. Consider usedforsecurity=False
   Severity: High   Confidence: High
   CWE: CWE-327 (https://cwe.mitre.org/data/definitions/327.html)
   More Info: https://bandit.readthedocs.io/en/1.8.6/plugins/b324_hashlib.html
   Location: /Users/christianmerrill/Documents/GitHub/.venv/lib/python3.9/site-packages/requests/auth.py:205:17
204	
205	        cnonce = hashlib.sha1(s).hexdigest()[:16]
206	        if _algorithm == "MD5-SESS":

--------------------------------------------------
>> Issue: [B605:start_process_with_a_shell] Starting a process with a shell, possible injection detected, security issue.
   Severity: High   Confidence: High
   CWE: CWE-78 (https://cwe.mitre.org/data/definitions/78.html)
   More Info: https://bandit.readthedocs.io/en/1.8.6/plugins/b605_start_process_with_a_shell.html
   Location: /Users/christianmerrill/Documents/GitHub/.venv/lib/python3.9/site-packages/setuptools/_distutils/command/bdist_rpm.py:340:14
339	
340	        out = os.popen(q_cmd)
341	        try:

--------------------------------------------------
>> Issue: [B602:subprocess_popen_with_shell_equals_true] subprocess call with shell=True identified, security issue.
   Severity: High   Confidence: High
   CWE: CWE-78 (https://cwe.mitre.org/data/definitions/78.html)
   More Info: https://bandit.readthedocs.io/en/1.8.6/plugins/b602_subprocess_popen_with_shell_equals_true.html
   Location: /Users/christianmerrill/Documents/GitHub/.venv/lib/python3.9/site-packages/setuptools/_distutils/cygwinccompiler.py:391:10
390	        return None
391	    out = Popen(cmd, shell=True, stdout=PIPE).stdout
392	    try:

--------------------------------------------------
>> Issue: [B605:start_process_with_a_shell] Starting a process with a shell, possible injection detected, security issue.
   Severity: High   Confidence: High
   CWE: CWE-78 (https://cwe.mitre.org/data/definitions/78.html)
   More Info: https://bandit.readthedocs.io/en/1.8.6/plugins/b605_start_process_with_a_shell.html
   Location: /Users/christianmerrill/Documents/GitHub/.venv/lib/python3.9/site-packages/setuptools/package_index.py:853:8
852	        self.info("Doing subversion checkout from %s to %s", url, filename)
853	        os.system("svn checkout%s -q %s %s" % (creds, url, filename))
854	        return filename

--------------------------------------------------
>> Issue: [B605:start_process_with_a_shell] Starting a process with a shell, possible injection detected, security issue.
   Severity: High   Confidence: High
   CWE: CWE-78 (https://cwe.mitre.org/data/definitions/78.html)
   More Info: https://bandit.readthedocs.io/en/1.8.6/plugins/b605_start_process_with_a_shell.html
   Location: /Users/christianmerrill/Documents/GitHub/.venv/lib/python3.9/site-packages/setuptools/package_index.py:879:8
878	        self.info("Doing git clone from %s to %s", url, filename)
879	        os.system("git clone --quiet %s %s" % (url, filename))
880	

--------------------------------------------------
>> Issue: [B605:start_process_with_a_shell] Starting a process with a shell, possible injection detected, security issue.
   Severity: High   Confidence: High
   CWE: CWE-78 (https://cwe.mitre.org/data/definitions/78.html)
   More Info: https://bandit.readthedocs.io/en/1.8.6/plugins/b605_start_process_with_a_shell.html
   Location: /Users/christianmerrill/Documents/GitHub/.venv/lib/python3.9/site-packages/setuptools/package_index.py:883:12
882	            self.info("Checking out %s", rev)
883	            os.system("git -C %s checkout --quiet %s" % (
884	                filename,
885	                rev,
886	            ))
887	

--------------------------------------------------
>> Issue: [B605:start_process_with_a_shell] Starting a process with a shell, possible injection detected, security issue.
   Severity: High   Confidence: High
   CWE: CWE-78 (https://cwe.mitre.org/data/definitions/78.html)
   More Info: https://bandit.readthedocs.io/en/1.8.6/plugins/b605_start_process_with_a_shell.html
   Location: /Users/christianmerrill/Documents/GitHub/.venv/lib/python3.9/site-packages/setuptools/package_index.py:895:8
894	        self.info("Doing hg clone from %s to %s", url, filename)
895	        os.system("hg clone --quiet %s %s" % (url, filename))
896	

--------------------------------------------------
>> Issue: [B605:start_process_with_a_shell] Starting a process with a shell, possible injection detected, security issue.
   Severity: High   Confidence: High
   CWE: CWE-78 (https://cwe.mitre.org/data/definitions/78.html)
   More Info: https://bandit.readthedocs.io/en/1.8.6/plugins/b605_start_process_with_a_shell.html
   Location: /Users/christianmerrill/Documents/GitHub/.venv/lib/python3.9/site-packages/setuptools/package_index.py:899:12
898	            self.info("Updating to %s", rev)
899	            os.system("hg --cwd %s up -C -r %s -q" % (
900	                filename,
901	                rev,
902	            ))
903	

--------------------------------------------------
>> Issue: [B701:jinja2_autoescape_false] By default, jinja2 sets autoescape to False. Consider using autoescape=True or use the select_autoescape function to mitigate XSS vulnerabilities.
   Severity: High   Confidence: High
   CWE: CWE-94 (https://cwe.mitre.org/data/definitions/94.html)
   More Info: https://bandit.readthedocs.io/en/1.8.6/plugins/b701_jinja2_autoescape_false.html
   Location: /Users/christianmerrill/Documents/GitHub/.venv/lib/python3.9/site-packages/starlette/templating.py:116:15
115	
116	        return jinja2.Environment(**env_options)
117	

--------------------------------------------------
>> Issue: [B324:hashlib] Use of weak SHA1 hash for security. Consider usedforsecurity=False
   Severity: High   Confidence: High
   CWE: CWE-327 (https://cwe.mitre.org/data/definitions/327.html)
   More Info: https://bandit.readthedocs.io/en/1.8.6/plugins/b324_hashlib.html
   Location: /Users/christianmerrill/Documents/GitHub/.venv/lib/python3.9/site-packages/websockets/utils.py:32:11
31	    """
32	    sha1 = hashlib.sha1((key + GUID).encode()).digest()
33	    return base64.b64encode(sha1).decode()

--------------------------------------------------
>> Issue: [B324:hashlib] Use of weak SHA1 hash for security. Consider usedforsecurity=False
   Severity: High   Confidence: High
   CWE: CWE-327 (https://cwe.mitre.org/data/definitions/327.html)
   More Info: https://bandit.readthedocs.io/en/1.8.6/plugins/b324_hashlib.html
   Location: /Users/christianmerrill/Documents/GitHub/.venv/lib/python3.9/site-packages/werkzeug/debug/__init__.py:45:11
44	def hash_pin(pin: str) -> str:
45	    return hashlib.sha1(f"{pin} added salt".encode("utf-8", "replace")).hexdigest()[:12]
46	

--------------------------------------------------
>> Issue: [B324:hashlib] Use of weak SHA1 hash for security. Consider usedforsecurity=False
   Severity: High   Confidence: High
   CWE: CWE-327 (https://cwe.mitre.org/data/definitions/327.html)
   More Info: https://bandit.readthedocs.io/en/1.8.6/plugins/b324_hashlib.html
   Location: /Users/christianmerrill/Documents/GitHub/.venv/lib/python3.9/site-packages/werkzeug/debug/__init__.py:196:8
195	
196	    h = hashlib.sha1()
197	    for bit in chain(probably_public_bits, private_bits):

--------------------------------------------------
>> Issue: [B324:hashlib] Use of weak SHA1 hash for security. Consider usedforsecurity=False
   Severity: High   Confidence: High
   CWE: CWE-327 (https://cwe.mitre.org/data/definitions/327.html)
   More Info: https://bandit.readthedocs.io/en/1.8.6/plugins/b324_hashlib.html
   Location: /Users/christianmerrill/Documents/GitHub/.venv/lib/python3.9/site-packages/werkzeug/http.py:981:11
980	    """
981	    return sha1(data).hexdigest()
982	

--------------------------------------------------
>> Issue: [B402:blacklist] A FTP-related module is being imported.  FTP is considered insecure. Use SSH/SFTP/SCP or some other encrypted protocol.
   Severity: High   Confidence: High
   CWE: CWE-319 (https://cwe.mitre.org/data/definitions/319.html)
   More Info: https://bandit.readthedocs.io/en/1.8.6/blacklists/blacklist_imports.html#b402-import-ftplib
   Location: /Users/christianmerrill/Documents/GitHub/AI-Projects/universal-ai-tools/.venv/lib/python3.11/site-packages/fsspec/implementations/ftp.py:3:0
2	import uuid
3	from ftplib import FTP, FTP_TLS, Error, error_perm
4	from typing import Any

--------------------------------------------------
>> Issue: [B507:ssh_no_host_key_verification] Paramiko call with policy set to automatically trust the unknown host key.
   Severity: High   Confidence: Medium
   CWE: CWE-295 (https://cwe.mitre.org/data/definitions/295.html)
   More Info: https://bandit.readthedocs.io/en/1.8.6/plugins/b507_ssh_no_host_key_verification.html
   Location: /Users/christianmerrill/Documents/GitHub/AI-Projects/universal-ai-tools/.venv/lib/python3.11/site-packages/fsspec/implementations/sftp.py:53:8
52	        self.client = paramiko.SSHClient()
53	        self.client.set_missing_host_key_policy(paramiko.AutoAddPolicy())
54	        self.client.connect(self.host, **self.ssh_kwargs)

--------------------------------------------------
>> Issue: [B324:hashlib] Use of weak MD5 hash for security. Consider usedforsecurity=False
   Severity: High   Confidence: High
   CWE: CWE-327 (https://cwe.mitre.org/data/definitions/327.html)
   More Info: https://bandit.readthedocs.io/en/1.8.6/plugins/b324_hashlib.html
   Location: /Users/christianmerrill/Documents/GitHub/AI-Projects/universal-ai-tools/.venv/lib/python3.11/site-packages/fsspec/tests/abstract/__init__.py:228:23
227	        for i in range(10):
228	            hashed_i = md5(str(i).encode("utf-8")).hexdigest()
229	            path = some_join(source, f"{hashed_i}.txt")

--------------------------------------------------
>> Issue: [B324:hashlib] Use of weak MD5 hash for security. Consider usedforsecurity=False
   Severity: High   Confidence: High
   CWE: CWE-327 (https://cwe.mitre.org/data/definitions/327.html)
   More Info: https://bandit.readthedocs.io/en/1.8.6/plugins/b324_hashlib.html
   Location: /Users/christianmerrill/Documents/GitHub/AI-Projects/universal-ai-tools/.venv/lib/python3.11/site-packages/fsspec/tests/abstract/copy.py:548:23
547	        for i in range(10):
548	            hashed_i = md5(str(i).encode("utf-8")).hexdigest()
549	            source_files.append(fs_join(source, f"{hashed_i}.txt"))

--------------------------------------------------
>> Issue: [B324:hashlib] Use of weak MD5 hash for security. Consider usedforsecurity=False
   Severity: High   Confidence: High
   CWE: CWE-327 (https://cwe.mitre.org/data/definitions/327.html)
   More Info: https://bandit.readthedocs.io/en/1.8.6/plugins/b324_hashlib.html
   Location: /Users/christianmerrill/Documents/GitHub/AI-Projects/universal-ai-tools/.venv/lib/python3.11/site-packages/fsspec/tests/abstract/get.py:576:23
575	        for i in range(10):
576	            hashed_i = md5(str(i).encode("utf-8")).hexdigest()
577	            source_files.append(fs_join(source, f"{hashed_i}.txt"))

--------------------------------------------------
>> Issue: [B605:start_process_with_a_shell] Starting a process with a shell, possible injection detected, security issue.
   Severity: High   Confidence: High
   CWE: CWE-78 (https://cwe.mitre.org/data/definitions/78.html)
   More Info: https://bandit.readthedocs.io/en/1.8.6/plugins/b605_start_process_with_a_shell.html
   Location: /Users/christianmerrill/Documents/GitHub/AI-Projects/universal-ai-tools/.venv/lib/python3.11/site-packages/fsspec/tests/abstract/mv.py:36:8
35	    if os.name == "nt":
36	        os.system(f'icacls "{protected_path}" /deny Everyone:(W)')
37	    else:

--------------------------------------------------
>> Issue: [B605:start_process_with_a_shell] Starting a process with a shell, possible injection detected, security issue.
   Severity: High   Confidence: High
   CWE: CWE-78 (https://cwe.mitre.org/data/definitions/78.html)
   More Info: https://bandit.readthedocs.io/en/1.8.6/plugins/b605_start_process_with_a_shell.html
   Location: /Users/christianmerrill/Documents/GitHub/AI-Projects/universal-ai-tools/.venv/lib/python3.11/site-packages/fsspec/tests/abstract/mv.py:55:8
54	    if os.name == "nt":
55	        os.system(f'icacls "{protected_path}" /remove:d Everyone')
56	    else:

--------------------------------------------------
>> Issue: [B324:hashlib] Use of weak MD5 hash for security. Consider usedforsecurity=False
   Severity: High   Confidence: High
   CWE: CWE-327 (https://cwe.mitre.org/data/definitions/327.html)
   More Info: https://bandit.readthedocs.io/en/1.8.6/plugins/b324_hashlib.html
   Location: /Users/christianmerrill/Documents/GitHub/AI-Projects/universal-ai-tools/.venv/lib/python3.11/site-packages/fsspec/tests/abstract/put.py:582:23
581	        for i in range(10):
582	            hashed_i = md5(str(i).encode("utf-8")).hexdigest()
583	            source_files.append(local_join(source, f"{hashed_i}.txt"))

--------------------------------------------------
>> Issue: [B324:hashlib] Use of weak MD5 hash for security. Consider usedforsecurity=False
   Severity: High   Confidence: High
   CWE: CWE-327 (https://cwe.mitre.org/data/definitions/327.html)
   More Info: https://bandit.readthedocs.io/en/1.8.6/plugins/b324_hashlib.html
   Location: /Users/christianmerrill/Documents/GitHub/AI-Projects/universal-ai-tools/.venv/lib/python3.11/site-packages/fsspec/utils.py:320:12
319	    try:
320	        h = md5(str(args).encode())
321	    except ValueError:

--------------------------------------------------
>> Issue: [B324:hashlib] Use of weak SHA1 hash for security. Consider usedforsecurity=False
   Severity: High   Confidence: High
   CWE: CWE-327 (https://cwe.mitre.org/data/definitions/327.html)
   More Info: https://bandit.readthedocs.io/en/1.8.6/plugins/b324_hashlib.html
   Location: /Users/christianmerrill/Documents/GitHub/AI-Projects/universal-ai-tools/.venv/lib/python3.11/site-packages/jinja2/bccache.py:156:15
155	        """Returns the unique hash key for this template name."""
156	        hash = sha1(name.encode("utf-8"))
157	

--------------------------------------------------
>> Issue: [B324:hashlib] Use of weak SHA1 hash for security. Consider usedforsecurity=False
   Severity: High   Confidence: High
   CWE: CWE-327 (https://cwe.mitre.org/data/definitions/327.html)
   More Info: https://bandit.readthedocs.io/en/1.8.6/plugins/b324_hashlib.html
   Location: /Users/christianmerrill/Documents/GitHub/AI-Projects/universal-ai-tools/.venv/lib/python3.11/site-packages/jinja2/bccache.py:165:15
164	        """Returns a checksum for the source."""
165	        return sha1(source.encode("utf-8")).hexdigest()
166	

--------------------------------------------------
>> Issue: [B324:hashlib] Use of weak SHA1 hash for security. Consider usedforsecurity=False
   Severity: High   Confidence: High
   CWE: CWE-327 (https://cwe.mitre.org/data/definitions/327.html)
   More Info: https://bandit.readthedocs.io/en/1.8.6/plugins/b324_hashlib.html
   Location: /Users/christianmerrill/Documents/GitHub/AI-Projects/universal-ai-tools/.venv/lib/python3.11/site-packages/jinja2/loaders.py:661:25
660	    def get_template_key(name: str) -> str:
661	        return "tmpl_" + sha1(name.encode("utf-8")).hexdigest()
662	

--------------------------------------------------
>> Issue: [B605:start_process_with_a_shell] Starting a process with a shell, possible injection detected, security issue.
   Severity: High   Confidence: High
   CWE: CWE-78 (https://cwe.mitre.org/data/definitions/78.html)
   More Info: https://bandit.readthedocs.io/en/1.8.6/plugins/b605_start_process_with_a_shell.html
   Location: /Users/christianmerrill/Documents/GitHub/AI-Projects/universal-ai-tools/.venv/lib/python3.11/site-packages/numpy/distutils/cpuinfo.py:29:25
28	    try:
29	        status, output = getstatusoutput(cmd)
30	    except OSError as e:

--------------------------------------------------
>> Issue: [B602:subprocess_popen_with_shell_equals_true] subprocess call with shell=True identified, security issue.
   Severity: High   Confidence: High
   CWE: CWE-78 (https://cwe.mitre.org/data/definitions/78.html)
   More Info: https://bandit.readthedocs.io/en/1.8.6/plugins/b602_subprocess_popen_with_shell_equals_true.html
   Location: /Users/christianmerrill/Documents/GitHub/AI-Projects/universal-ai-tools/.venv/lib/python3.11/site-packages/numpy/distutils/exec_command.py:283:15
282	        # it encounters an invalid character; rather, we simply replace it
283	        proc = subprocess.Popen(command, shell=use_shell, env=env, text=False,
284	                                stdout=subprocess.PIPE,
285	                                stderr=subprocess.STDOUT)
286	    except OSError:

--------------------------------------------------
>> Issue: [B324:hashlib] Use of weak SHA1 hash for security. Consider usedforsecurity=False
   Severity: High   Confidence: High
   CWE: CWE-327 (https://cwe.mitre.org/data/definitions/327.html)
   More Info: https://bandit.readthedocs.io/en/1.8.6/plugins/b324_hashlib.html
   Location: /Users/christianmerrill/Documents/GitHub/AI-Projects/universal-ai-tools/.venv/lib/python3.11/site-packages/numpy/distutils/fcompiler/gnu.py:402:12
401	    def _hash_files(self, filenames):
402	        h = hashlib.sha1()
403	        for fn in filenames:

--------------------------------------------------
>> Issue: [B602:subprocess_popen_with_shell_equals_true] subprocess call with shell=True identified, security issue.
   Severity: High   Confidence: High
   CWE: CWE-78 (https://cwe.mitre.org/data/definitions/78.html)
   More Info: https://bandit.readthedocs.io/en/1.8.6/plugins/b602_subprocess_popen_with_shell_equals_true.html
   Location: /Users/christianmerrill/Documents/GitHub/AI-Projects/universal-ai-tools/.venv/lib/python3.11/site-packages/numpy/distutils/lib2def.py:66:8
65	nm_output = getnm(nm_cmd = 'nm -Cs py_lib')"""
66	    p = subprocess.Popen(nm_cmd, shell=shell, stdout=subprocess.PIPE,
67	                         stderr=subprocess.PIPE, text=True)
68	    nm_output, nm_err = p.communicate()

--------------------------------------------------
>> Issue: [B602:subprocess_popen_with_shell_equals_true] subprocess call with shell=True identified, security issue.
   Severity: High   Confidence: High
   CWE: CWE-78 (https://cwe.mitre.org/data/definitions/78.html)
   More Info: https://bandit.readthedocs.io/en/1.8.6/plugins/b602_subprocess_popen_with_shell_equals_true.html
   Location: /Users/christianmerrill/Documents/GitHub/AI-Projects/universal-ai-tools/.venv/lib/python3.11/site-packages/numpy/distutils/tests/test_shell_utils.py:48:27
47	        # posix has no non-shell string parsing
48	        return lambda cmd: subprocess.check_output(cmd, shell=True)
49	    else:

--------------------------------------------------
>> Issue: [B602:subprocess_popen_with_shell_equals_true] subprocess call with shell=True identified, security issue.
   Severity: High   Confidence: High
   CWE: CWE-78 (https://cwe.mitre.org/data/definitions/78.html)
   More Info: https://bandit.readthedocs.io/en/1.8.6/plugins/b602_subprocess_popen_with_shell_equals_true.html
   Location: /Users/christianmerrill/Documents/GitHub/AI-Projects/universal-ai-tools/.venv/lib/python3.11/site-packages/pip/_internal/commands/configuration.py:247:12
246	        try:
247	            subprocess.check_call(f'{editor} "{fname}"', shell=True)
248	        except FileNotFoundError as e:

--------------------------------------------------
>> Issue: [B411:blacklist] Using xmlrpc.client to parse untrusted XML data is known to be vulnerable to XML attacks. Use defusedxml.xmlrpc.monkey_patch() function to monkey-patch xmlrpclib and mitigate XML vulnerabilities.
   Severity: High   Confidence: High
   CWE: CWE-20 (https://cwe.mitre.org/data/definitions/20.html)
   More Info: https://bandit.readthedocs.io/en/1.8.6/blacklists/blacklist_imports.html#b411-import-xmlrpclib
   Location: /Users/christianmerrill/Documents/GitHub/AI-Projects/universal-ai-tools/.venv/lib/python3.11/site-packages/pip/_internal/commands/search.py:7:0
6	import textwrap
7	import xmlrpc.client
8	from collections import OrderedDict

--------------------------------------------------
>> Issue: [B411:blacklist] Using xmlrpc.client to parse untrusted XML data is known to be vulnerable to XML attacks. Use defusedxml.xmlrpc.monkey_patch() function to monkey-patch xmlrpclib and mitigate XML vulnerabilities.
   Severity: High   Confidence: High
   CWE: CWE-20 (https://cwe.mitre.org/data/definitions/20.html)
   More Info: https://bandit.readthedocs.io/en/1.8.6/blacklists/blacklist_imports.html#b411-import-xmlrpclib
   Location: /Users/christianmerrill/Documents/GitHub/AI-Projects/universal-ai-tools/.venv/lib/python3.11/site-packages/pip/_internal/network/xmlrpc.py:5:0
4	import urllib.parse
5	import xmlrpc.client
6	from typing import TYPE_CHECKING

--------------------------------------------------
>> Issue: [B411:blacklist] Using _HostType to parse untrusted XML data is known to be vulnerable to XML attacks. Use defusedxml.xmlrpc.monkey_patch() function to monkey-patch xmlrpclib and mitigate XML vulnerabilities.
   Severity: High   Confidence: High
   CWE: CWE-20 (https://cwe.mitre.org/data/definitions/20.html)
   More Info: https://bandit.readthedocs.io/en/1.8.6/blacklists/blacklist_imports.html#b411-import-xmlrpclib
   Location: /Users/christianmerrill/Documents/GitHub/AI-Projects/universal-ai-tools/.venv/lib/python3.11/site-packages/pip/_internal/network/xmlrpc.py:13:4
12	if TYPE_CHECKING:
13	    from xmlrpc.client import _HostType, _Marshallable
14	

--------------------------------------------------
>> Issue: [B202:tarfile_unsafe_members] tarfile.extractall used without any validation. Please check and discard dangerous members.
   Severity: High   Confidence: High
   CWE: CWE-22 (https://cwe.mitre.org/data/definitions/22.html)
   More Info: https://bandit.readthedocs.io/en/1.8.6/plugins/b202_tarfile_unsafe_members.html
   Location: /Users/christianmerrill/Documents/GitHub/AI-Projects/universal-ai-tools/.venv/lib/python3.11/site-packages/pip/_internal/utils/unpacking.py:245:12
244	
245	            tar.extractall(location, filter=pip_filter)
246	

--------------------------------------------------
>> Issue: [B411:blacklist] Using xmlrpclib to parse untrusted XML data is known to be vulnerable to XML attacks. Use defusedxml.xmlrpc.monkey_patch() function to monkey-patch xmlrpclib and mitigate XML vulnerabilities.
   Severity: High   Confidence: High
   CWE: CWE-20 (https://cwe.mitre.org/data/definitions/20.html)
   More Info: https://bandit.readthedocs.io/en/1.8.6/blacklists/blacklist_imports.html#b411-import-xmlrpclib
   Location: /Users/christianmerrill/Documents/GitHub/AI-Projects/universal-ai-tools/.venv/lib/python3.11/site-packages/pip/_vendor/distlib/compat.py:42:4
41	    import httplib
42	    import xmlrpclib
43	    import Queue as queue

--------------------------------------------------
>> Issue: [B411:blacklist] Using xmlrpc.client to parse untrusted XML data is known to be vulnerable to XML attacks. Use defusedxml.xmlrpc.monkey_patch() function to monkey-patch xmlrpclib and mitigate XML vulnerabilities.
   Severity: High   Confidence: High
   CWE: CWE-20 (https://cwe.mitre.org/data/definitions/20.html)
   More Info: https://bandit.readthedocs.io/en/1.8.6/blacklists/blacklist_imports.html#b411-import-xmlrpclib
   Location: /Users/christianmerrill/Documents/GitHub/AI-Projects/universal-ai-tools/.venv/lib/python3.11/site-packages/pip/_vendor/distlib/compat.py:81:4
80	    import urllib.request as urllib2
81	    import xmlrpc.client as xmlrpclib
82	    import queue

--------------------------------------------------
>> Issue: [B202:tarfile_unsafe_members] tarfile.extractall used without any validation. Please check and discard dangerous members.
   Severity: High   Confidence: High
   CWE: CWE-22 (https://cwe.mitre.org/data/definitions/22.html)
   More Info: https://bandit.readthedocs.io/en/1.8.6/plugins/b202_tarfile_unsafe_members.html
   Location: /Users/christianmerrill/Documents/GitHub/AI-Projects/universal-ai-tools/.venv/lib/python3.11/site-packages/pip/_vendor/distlib/util.py:1285:8
1284	
1285	        archive.extractall(dest_dir)
1286	

--------------------------------------------------
>> Issue: [B324:hashlib] Use of weak MD5 hash for security. Consider usedforsecurity=False
   Severity: High   Confidence: High
   CWE: CWE-327 (https://cwe.mitre.org/data/definitions/327.html)
   More Info: https://bandit.readthedocs.io/en/1.8.6/plugins/b324_hashlib.html
   Location: /Users/christianmerrill/Documents/GitHub/AI-Projects/universal-ai-tools/.venv/lib/python3.11/site-packages/pip/_vendor/requests/auth.py:148:23
147	                    x = x.encode("utf-8")
148	                return hashlib.md5(x).hexdigest()
149	

--------------------------------------------------
>> Issue: [B324:hashlib] Use of weak SHA1 hash for security. Consider usedforsecurity=False
   Severity: High   Confidence: High
   CWE: CWE-327 (https://cwe.mitre.org/data/definitions/327.html)
   More Info: https://bandit.readthedocs.io/en/1.8.6/plugins/b324_hashlib.html
   Location: /Users/christianmerrill/Documents/GitHub/AI-Projects/universal-ai-tools/.venv/lib/python3.11/site-packages/pip/_vendor/requests/auth.py:156:23
155	                    x = x.encode("utf-8")
156	                return hashlib.sha1(x).hexdigest()
157	

--------------------------------------------------
>> Issue: [B324:hashlib] Use of weak SHA1 hash for security. Consider usedforsecurity=False
   Severity: High   Confidence: High
   CWE: CWE-327 (https://cwe.mitre.org/data/definitions/327.html)
   More Info: https://bandit.readthedocs.io/en/1.8.6/plugins/b324_hashlib.html
   Location: /Users/christianmerrill/Documents/GitHub/AI-Projects/universal-ai-tools/.venv/lib/python3.11/site-packages/pip/_vendor/requests/auth.py:205:17
204	
205	        cnonce = hashlib.sha1(s).hexdigest()[:16]
206	        if _algorithm == "MD5-SESS":

--------------------------------------------------
>> Issue: [B202:tarfile_unsafe_members] tarfile.extractall used without any validation. Please check and discard dangerous members.
   Severity: High   Confidence: High
   CWE: CWE-22 (https://cwe.mitre.org/data/definitions/22.html)
   More Info: https://bandit.readthedocs.io/en/1.8.6/plugins/b202_tarfile_unsafe_members.html
   Location: /Users/christianmerrill/Documents/GitHub/AI-Projects/universal-ai-tools/.venv/lib/python3.11/site-packages/pygments/lexers/_php_builtins.py:3301:12
3300	        with tarfile.open(download[0]) as tar:
3301	            tar.extractall()
3302	        yield from glob.glob(f"{PHP_MANUAL_DIR}{PHP_REFERENCE_GLOB}")

--------------------------------------------------
>> Issue: [B605:start_process_with_a_shell] Starting a process with a shell, possible injection detected, security issue.
   Severity: High   Confidence: High
   CWE: CWE-78 (https://cwe.mitre.org/data/definitions/78.html)
   More Info: https://bandit.readthedocs.io/en/1.8.6/plugins/b605_start_process_with_a_shell.html
   Location: /Users/christianmerrill/Documents/GitHub/AI-Projects/universal-ai-tools/.venv/lib/python3.11/site-packages/setuptools/_distutils/command/bdist_rpm.py:357:14
356	
357	        out = os.popen(q_cmd)
358	        try:

--------------------------------------------------
>> Issue: [B103:set_bad_file_permissions] Chmod setting a permissive mask 0o777 on file (exe).
   Severity: High   Confidence: High
   CWE: CWE-732 (https://cwe.mitre.org/data/definitions/732.html)
   More Info: https://bandit.readthedocs.io/en/1.8.6/plugins/b103_set_bad_file_permissions.html
   Location: /Users/christianmerrill/Documents/GitHub/AI-Projects/universal-ai-tools/.venv/lib/python3.11/site-packages/setuptools/_distutils/tests/test_spawn.py:32:8
31	
32	        os.chmod(exe, 0o777)
33	        with pytest.raises(DistutilsExecError):

--------------------------------------------------
>> Issue: [B103:set_bad_file_permissions] Chmod setting a permissive mask 0o777 on file (exe).
   Severity: High   Confidence: High
   CWE: CWE-732 (https://cwe.mitre.org/data/definitions/732.html)
   More Info: https://bandit.readthedocs.io/en/1.8.6/plugins/b103_set_bad_file_permissions.html
   Location: /Users/christianmerrill/Documents/GitHub/AI-Projects/universal-ai-tools/.venv/lib/python3.11/site-packages/setuptools/_distutils/tests/test_spawn.py:44:8
43	
44	        os.chmod(exe, 0o777)
45	        spawn([exe])  # should work without any error

--------------------------------------------------
>> Issue: [B202:tarfile_unsafe_members] tarfile.extractall used without any validation. Please check and discard dangerous members.
   Severity: High   Confidence: High
   CWE: CWE-22 (https://cwe.mitre.org/data/definitions/22.html)
   More Info: https://bandit.readthedocs.io/en/1.8.6/plugins/b202_tarfile_unsafe_members.html
   Location: /Users/christianmerrill/Documents/GitHub/AI-Projects/universal-ai-tools/.venv/lib/python3.11/site-packages/setuptools/_vendor/jaraco/context.py:65:12
64	        with tarfile.open(fileobj=req, mode='r|*') as tf:
65	            tf.extractall(path=target_dir, filter=strip_first_component)
66	        yield target_dir

--------------------------------------------------
>> Issue: [B602:subprocess_popen_with_shell_equals_true] subprocess call with shell=True identified, security issue.
   Severity: High   Confidence: High
   CWE: CWE-78 (https://cwe.mitre.org/data/definitions/78.html)
   More Info: https://bandit.readthedocs.io/en/1.8.6/plugins/b602_subprocess_popen_with_shell_equals_true.html
   Location: /Users/christianmerrill/Documents/GitHub/AI-Projects/universal-ai-tools/.venv/lib/python3.11/site-packages/setuptools/tests/environment.py:77:15
76	            stderr=_PIPE,
77	            shell=shell,
78	            env=env,
79	            encoding="utf-8",
80	        )
81	
82	        if isinstance(data_stream, tuple):
83	            data_stream = slice(*data_stream)
84	        data = proc.communicate()[data_stream]
85	    except OSError:

--------------------------------------------------
>> Issue: [B324:hashlib] Use of weak MD5 hash for security. Consider usedforsecurity=False
   Severity: High   Confidence: High
   CWE: CWE-327 (https://cwe.mitre.org/data/definitions/327.html)
   More Info: https://bandit.readthedocs.io/en/1.8.6/plugins/b324_hashlib.html
   Location: /Users/christianmerrill/Documents/GitHub/AI-Projects/universal-ai-tools/.venv/lib/python3.11/site-packages/setuptools/tests/integration/test_pip_install_sdist.py:190:11
189	
190	    assert md5(data).hexdigest() == md5_digest
191	

--------------------------------------------------
>> Issue: [B103:set_bad_file_permissions] Chmod setting a permissive mask 0o777 on file (runsh).
   Severity: High   Confidence: High
   CWE: CWE-732 (https://cwe.mitre.org/data/definitions/732.html)
   More Info: https://bandit.readthedocs.io/en/1.8.6/plugins/b103_set_bad_file_permissions.html
   Location: /Users/christianmerrill/Documents/GitHub/AI-Projects/universal-ai-tools/.venv/lib/python3.11/site-packages/setuptools/tests/test_wheel.py:626:12
625	            runsh = pathlib.Path(source_dir) / "script.sh"
626	            os.chmod(runsh, 0o777)
627	            subprocess.check_call(

--------------------------------------------------
>> Issue: [B602:subprocess_popen_with_shell_equals_true] subprocess call with shell=True identified, security issue.
   Severity: High   Confidence: High
   CWE: CWE-78 (https://cwe.mitre.org/data/definitions/78.html)
   More Info: https://bandit.readthedocs.io/en/1.8.6/plugins/b602_subprocess_popen_with_shell_equals_true.html
   Location: /Users/christianmerrill/Documents/GitHub/AI-Projects/universal-ai-tools/.venv/lib/python3.11/site-packages/sympy/external/tests/test_codegen.py:122:22
121	        for command in commands:
122	            retcode = subprocess.call(command, stdout=null, shell=True,
123	                    stderr=subprocess.STDOUT)
124	            if retcode != 0:

--------------------------------------------------
>> Issue: [B602:subprocess_popen_with_shell_equals_true] subprocess call with shell=True identified, security issue.
   Severity: High   Confidence: High
   CWE: CWE-78 (https://cwe.mitre.org/data/definitions/78.html)
   More Info: https://bandit.readthedocs.io/en/1.8.6/plugins/b602_subprocess_popen_with_shell_equals_true.html
   Location: /Users/christianmerrill/Documents/GitHub/AI-Projects/universal-ai-tools/.venv/lib/python3.11/site-packages/sympy/utilities/_compilation/runners.py:191:12
190	        p = subprocess.Popen(' '.join(self.cmd()),
191	                             shell=True,
192	                             cwd=self.cwd,
193	                             stdin=subprocess.PIPE,
194	                             stdout=subprocess.PIPE,
195	                             stderr=subprocess.STDOUT,
196	                             env=env)
197	        comm = p.communicate()
198	        try:

--------------------------------------------------
>> Issue: [B701:jinja2_autoescape_false] By default, jinja2 sets autoescape to False. Consider using autoescape=True or use the select_autoescape function to mitigate XSS vulnerabilities.
   Severity: High   Confidence: High
   CWE: CWE-94 (https://cwe.mitre.org/data/definitions/94.html)
   More Info: https://bandit.readthedocs.io/en/1.8.6/plugins/b701_jinja2_autoescape_false.html
   Location: /Users/christianmerrill/Documents/GitHub/AI-Projects/universal-ai-tools/.venv/lib/python3.11/site-packages/torch/_inductor/codegen/common.py:2253:15
2252	
2253	        return jinja2.Environment(
2254	            undefined=jinja2.StrictUndefined,
2255	        )
2256	    except ImportError:

--------------------------------------------------
>> Issue: [B701:jinja2_autoescape_false] By default, jinja2 sets autoescape to False. Consider using autoescape=True or use the select_autoescape function to mitigate XSS vulnerabilities.
   Severity: High   Confidence: High
   CWE: CWE-94 (https://cwe.mitre.org/data/definitions/94.html)
   More Info: https://bandit.readthedocs.io/en/1.8.6/plugins/b701_jinja2_autoescape_false.html
   Location: /Users/christianmerrill/Documents/GitHub/AI-Projects/universal-ai-tools/.venv/lib/python3.11/site-packages/torch/_inductor/select_algorithm.py:1132:15
1131	
1132	        return jinja2.Environment(
1133	            undefined=jinja2.StrictUndefined,
1134	        )
1135	    except ImportError:

--------------------------------------------------
>> Issue: [B602:subprocess_popen_with_shell_equals_true] subprocess call with shell=True identified, security issue.
   Severity: High   Confidence: High
   CWE: CWE-78 (https://cwe.mitre.org/data/definitions/78.html)
   More Info: https://bandit.readthedocs.io/en/1.8.6/plugins/b602_subprocess_popen_with_shell_equals_true.html
   Location: /Users/christianmerrill/Documents/GitHub/AI-Projects/universal-ai-tools/.venv/lib/python3.11/site-packages/torch/utils/collect_env.py:94:8
93	    p = subprocess.Popen(command, stdout=subprocess.PIPE,
94	                         stderr=subprocess.PIPE, shell=shell)
95	    raw_output, raw_err = p.communicate()
96	    rc = p.returncode

--------------------------------------------------
>> Issue: [B602:subprocess_popen_with_shell_equals_true] subprocess call with shell=True identified, security issue.
   Severity: High   Confidence: High
   CWE: CWE-78 (https://cwe.mitre.org/data/definitions/78.html)
   More Info: https://bandit.readthedocs.io/en/1.8.6/plugins/b602_subprocess_popen_with_shell_equals_true.html
   Location: /Users/christianmerrill/Documents/GitHub/AI-Projects/universal-ai-tools/.venv/lib/python3.11/site-packages/torch/utils/cpp_extension.py:1821:12
1820	        try:
1821	            subprocess.check_output(pch_cmd, shell=True, stderr=subprocess.STDOUT)
1822	        except subprocess.CalledProcessError as e:

--------------------------------------------------
>> Issue: [B602:subprocess_popen_with_shell_equals_true] subprocess call with shell=True identified, security issue.
   Severity: High   Confidence: High
   CWE: CWE-78 (https://cwe.mitre.org/data/definitions/78.html)
   More Info: https://bandit.readthedocs.io/en/1.8.6/plugins/b602_subprocess_popen_with_shell_equals_true.html
   Location: /Users/christianmerrill/Documents/GitHub/AI-Projects/universal-ai-tools/.venv/lib/python3.11/site-packages/torch/utils/cpp_extension.py:2597:8
2596	            command,
2597	            shell=IS_WINDOWS and IS_HIP_EXTENSION,
2598	            stdout=stdout_fileno if verbose else subprocess.PIPE,
2599	            stderr=subprocess.STDOUT,
2600	            cwd=build_directory,
2601	            check=True,
2602	            env=env)
2603	    except subprocess.CalledProcessError as e:
2604	        # Python 2 and 3 compatible way of getting the error object.
2605	        _, error, _ = sys.exc_info()

--------------------------------------------------
>> Issue: [B324:hashlib] Use of weak MD5 hash for security. Consider usedforsecurity=False
   Severity: High   Confidence: High
   CWE: CWE-327 (https://cwe.mitre.org/data/definitions/327.html)
   More Info: https://bandit.readthedocs.io/en/1.8.6/plugins/b324_hashlib.html
   Location: /Users/christianmerrill/Documents/GitHub/AI-Projects/universal-ai-tools/backups/python_vector_db_removal_20250911_213253/vector-db-service.py:140:19
139	        # Simple hash-based deterministic embeddings
140	        hash_obj = hashlib.md5(text.encode())
141	        hash_int = int(hash_obj.hexdigest(), 16)

--------------------------------------------------
>> Issue: [B602:subprocess_popen_with_shell_equals_true] subprocess call with shell=True identified, security issue.
   Severity: High   Confidence: High
   CWE: CWE-78 (https://cwe.mitre.org/data/definitions/78.html)
   More Info: https://bandit.readthedocs.io/en/1.8.6/plugins/b602_subprocess_popen_with_shell_equals_true.html
   Location: /Users/christianmerrill/Documents/GitHub/AI-Projects/universal-ai-tools/cli-system-access.py:36:17
35	        # Use shell=True to support pipes and complex commands
36	        result = subprocess.run(command, shell=True,
37	                              capture_output=True, text=True, timeout=30)
38	        return {

--------------------------------------------------
>> Issue: [B602:subprocess_popen_with_shell_equals_true] subprocess call with shell=True identified, security issue.
   Severity: High   Confidence: High
   CWE: CWE-78 (https://cwe.mitre.org/data/definitions/78.html)
   More Info: https://bandit.readthedocs.io/en/1.8.6/plugins/b602_subprocess_popen_with_shell_equals_true.html
   Location: /Users/christianmerrill/Documents/GitHub/AI-Projects/universal-ai-tools/code_quality_benchmark.py:35:21
34	                command,
35	                shell=True,
36	                capture_output=True,
37	                text=True,
38	                cwd=cwd or self.project_root,
39	            )
40	            return result.returncode, result.stdout, result.stderr
41	        except Exception as e:
42	            return -1, "", str(e)

--------------------------------------------------
>> Issue: [B202:tarfile_unsafe_members] tarfile.extractall used without any validation. Please check and discard dangerous members.
   Severity: High   Confidence: High
   CWE: CWE-22 (https://cwe.mitre.org/data/definitions/22.html)
   More Info: https://bandit.readthedocs.io/en/1.8.6/plugins/b202_tarfile_unsafe_members.html
   Location: /Users/christianmerrill/Documents/GitHub/AI-Projects/universal-ai-tools/entropy-regularization-framework/fairseq/file_utils.py:81:12
80	            top_dir = os.path.commonprefix(archive.getnames())
81	            archive.extractall(tempdir)
82	        os.remove(resolved_archive_file)

--------------------------------------------------
>> Issue: [B605:start_process_with_a_shell] Starting a process with a shell, possible injection detected, security issue.
   Severity: High   Confidence: High
   CWE: CWE-78 (https://cwe.mitre.org/data/definitions/78.html)
   More Info: https://bandit.readthedocs.io/en/1.8.6/plugins/b605_start_process_with_a_shell.html
   Location: /Users/christianmerrill/Documents/GitHub/AI-Projects/universal-ai-tools/entropy-regularization-framework/scripts/build_sym_alignment.py:71:11
70	        FWD=fwd_align_file)
71	    assert os.system(fwd_fast_align_cmd) == 0
72	

--------------------------------------------------
>> Issue: [B605:start_process_with_a_shell] Starting a process with a shell, possible injection detected, security issue.
   Severity: High   Confidence: High
   CWE: CWE-78 (https://cwe.mitre.org/data/definitions/78.html)
   More Info: https://bandit.readthedocs.io/en/1.8.6/plugins/b605_start_process_with_a_shell.html
   Location: /Users/christianmerrill/Documents/GitHub/AI-Projects/universal-ai-tools/entropy-regularization-framework/scripts/build_sym_alignment.py:79:11
78	        BWD=bwd_align_file)
79	    assert os.system(bwd_fast_align_cmd) == 0
80	

--------------------------------------------------
>> Issue: [B605:start_process_with_a_shell] Starting a process with a shell, possible injection detected, security issue.
   Severity: High   Confidence: High
   CWE: CWE-78 (https://cwe.mitre.org/data/definitions/78.html)
   More Info: https://bandit.readthedocs.io/en/1.8.6/plugins/b605_start_process_with_a_shell.html
   Location: /Users/christianmerrill/Documents/GitHub/AI-Projects/universal-ai-tools/entropy-regularization-framework/scripts/build_sym_alignment.py:93:11
92	    )
93	    assert os.system(sym_cmd) == 0
94	

--------------------------------------------------
>> Issue: [B602:subprocess_popen_with_shell_equals_true] subprocess call with shell=True identified, security issue.
   Severity: High   Confidence: High
   CWE: CWE-78 (https://cwe.mitre.org/data/definitions/78.html)
   More Info: https://bandit.readthedocs.io/en/1.8.6/plugins/b602_subprocess_popen_with_shell_equals_true.html
   Location: /Users/christianmerrill/Documents/GitHub/AI-Projects/universal-ai-tools/entropy-regularization-framework/setup.py:115:4
114	    import subprocess
115	    subprocess.run(['rm -f fairseq/*.so fairseq/**/*.so fairseq/*.pyd fairseq/**/*.pyd'], shell=True)
116	

--------------------------------------------------
>> Issue: [B602:subprocess_popen_with_shell_equals_true] subprocess call with shell=True identified, security issue.
   Severity: High   Confidence: High
   CWE: CWE-78 (https://cwe.mitre.org/data/definitions/78.html)
   More Info: https://bandit.readthedocs.io/en/1.8.6/plugins/b602_subprocess_popen_with_shell_equals_true.html
   Location: /Users/christianmerrill/Documents/GitHub/AI-Projects/universal-ai-tools/focused_code_quality_benchmark.py:52:21
51	                command,
52	                shell=True,
53	                capture_output=True,
54	                text=True,
55	                cwd=cwd or self.project_root,
56	            )
57	            return result.returncode, result.stdout, result.stderr
58	        except Exception as e:
59	            return -1, "", str(e)

--------------------------------------------------
>> Issue: [B324:hashlib] Use of weak MD5 hash for security. Consider usedforsecurity=False
   Severity: High   Confidence: High
   CWE: CWE-327 (https://cwe.mitre.org/data/definitions/327.html)
   More Info: https://bandit.readthedocs.io/en/1.8.6/plugins/b324_hashlib.html
   Location: /Users/christianmerrill/Documents/GitHub/AI-Projects/universal-ai-tools/models/apple-fastvlm/llava/serve/gradio_web_server.py:222:22
221	    all_images = state.get_images(return_pil=True)
222	    all_image_hash = [hashlib.md5(image.tobytes()).hexdigest() for image in all_images]
223	    for image, hash in zip(all_images, all_image_hash):

--------------------------------------------------
>> Issue: [B324:hashlib] Use of weak MD5 hash for security. Consider usedforsecurity=False
   Severity: High   Confidence: High
   CWE: CWE-327 (https://cwe.mitre.org/data/definitions/327.html)
   More Info: https://bandit.readthedocs.io/en/1.8.6/plugins/b324_hashlib.html
   Location: /Users/christianmerrill/Documents/GitHub/AI-Projects/universal-ai-tools/rag_service.py:124:22
123	    canary_key = f"{query}:{user_id or 'anonymous'}"
124	    canary_hash = int(hashlib.md5(canary_key.encode()).hexdigest(), 16)
125	    canary_value = canary_hash % 100

--------------------------------------------------
>> Issue: [B324:hashlib] Use of weak MD5 hash for security. Consider usedforsecurity=False
   Severity: High   Confidence: High
   CWE: CWE-327 (https://cwe.mitre.org/data/definitions/327.html)
   More Info: https://bandit.readthedocs.io/en/1.8.6/plugins/b324_hashlib.html
   Location: /Users/christianmerrill/Documents/GitHub/AI-Projects/universal-ai-tools/scripts/embed_one.py:63:75
62	    # Extract video ID from filename or content
63	    video_id = file_path.stem.split('_')[-1] if '_' in file_path.stem else hashlib.md5(title.encode()).hexdigest()[:12]
64	    

--------------------------------------------------
>> Issue: [B602:subprocess_popen_with_shell_equals_true] subprocess call with shell=True identified, security issue.
   Severity: High   Confidence: High
   CWE: CWE-78 (https://cwe.mitre.org/data/definitions/78.html)
   More Info: https://bandit.readthedocs.io/en/1.8.6/plugins/b602_subprocess_popen_with_shell_equals_true.html
   Location: /Users/christianmerrill/Documents/GitHub/AI-Projects/universal-ai-tools/scripts/validator.py:9:8
8	def run(cmd, cwd=None):
9	    p = subprocess.run(cmd, shell=True, cwd=cwd, capture_output=True, text=True)
10	    return {"code": p.returncode, "out": p.stdout, "err": p.stderr}

--------------------------------------------------
>> Issue: [B602:subprocess_popen_with_shell_equals_true] subprocess call with shell=True identified, security issue.
   Severity: High   Confidence: High
   CWE: CWE-78 (https://cwe.mitre.org/data/definitions/78.html)
   More Info: https://bandit.readthedocs.io/en/1.8.6/plugins/b602_subprocess_popen_with_shell_equals_true.html
   Location: /Users/christianmerrill/Documents/GitHub/AI-Projects/universal-ai-tools/services/mcp_ecosystem/python_servers/code_execution_server.py:149:17
148	            command,
149	            shell=True,
150	            capture_output=True,
151	            text=True,
152	            timeout=timeout
153	        )
154	        
155	        stdout = result.stdout[:MAX_OUTPUT_SIZE]
156	        stderr = result.stderr[:MAX_OUTPUT_SIZE]

--------------------------------------------------
>> Issue: [B602:subprocess_popen_with_shell_equals_true] subprocess call with shell=True identified, security issue.
   Severity: High   Confidence: High
   CWE: CWE-78 (https://cwe.mitre.org/data/definitions/78.html)
   More Info: https://bandit.readthedocs.io/en/1.8.6/plugins/b602_subprocess_popen_with_shell_equals_true.html
   Location: /Users/christianmerrill/Documents/GitHub/AI-Projects/universal-ai-tools/test-apple-fastvlm.py:101:17
100	            test_cmd,
101	            shell=True,
102	            capture_output=True,
103	            text=True,
104	            timeout=300)
105	
106	        print("STDOUT:")
107	        print(result.stdout)

--------------------------------------------------
>> Issue: [B602:subprocess_popen_with_shell_equals_true] subprocess call with shell=True identified, security issue.
   Severity: High   Confidence: High
   CWE: CWE-78 (https://cwe.mitre.org/data/definitions/78.html)
   More Info: https://bandit.readthedocs.io/en/1.8.6/plugins/b602_subprocess_popen_with_shell_equals_true.html
   Location: /Users/christianmerrill/Documents/GitHub/AI-Projects/universal-ai-tools/test-apple-fastvlm.py:158:17
157	            mlx_models_cmd,
158	            shell=True,
159	            capture_output=True,
160	            text=True,
161	            timeout=30)
162	        print(result.stdout)
163	
164	        if result.stderr:

--------------------------------------------------
>> Issue: [B605:start_process_with_a_shell] Starting a process with a shell, possible injection detected, security issue.
   Severity: High   Confidence: High
   CWE: CWE-78 (https://cwe.mitre.org/data/definitions/78.html)
   More Info: https://bandit.readthedocs.io/en/1.8.6/plugins/b605_start_process_with_a_shell.html
   Location: /Users/christianmerrill/Documents/GitHub/NeuroForgeApp/Assets/generate_icon.py:129:4
128	    print("🔧 Converting to .icns format...")
129	    os.system(f"iconutil -c icns '{iconset_dir}' -o '{icns_path}'")
130	

--------------------------------------------------
>> Issue: [B402:blacklist] A FTP-related module is being imported.  FTP is considered insecure. Use SSH/SFTP/SCP or some other encrypted protocol.
   Severity: High   Confidence: High
   CWE: CWE-319 (https://cwe.mitre.org/data/definitions/319.html)
   More Info: https://bandit.readthedocs.io/en/1.8.6/blacklists/blacklist_imports.html#b402-import-ftplib
   Location: /Users/christianmerrill/Documents/GitHub/TinyRecursiveModels/.venv/lib/python3.11/site-packages/fsspec/implementations/ftp.py:3:0
2	import uuid
3	from ftplib import FTP, FTP_TLS, Error, error_perm
4	from typing import Any

--------------------------------------------------
>> Issue: [B507:ssh_no_host_key_verification] Paramiko call with policy set to automatically trust the unknown host key.
   Severity: High   Confidence: Medium
   CWE: CWE-295 (https://cwe.mitre.org/data/definitions/295.html)
   More Info: https://bandit.readthedocs.io/en/1.8.6/plugins/b507_ssh_no_host_key_verification.html
   Location: /Users/christianmerrill/Documents/GitHub/TinyRecursiveModels/.venv/lib/python3.11/site-packages/fsspec/implementations/sftp.py:53:8
52	        self.client = paramiko.SSHClient()
53	        self.client.set_missing_host_key_policy(paramiko.AutoAddPolicy())
54	        self.client.connect(self.host, **self.ssh_kwargs)

--------------------------------------------------
>> Issue: [B324:hashlib] Use of weak MD5 hash for security. Consider usedforsecurity=False
   Severity: High   Confidence: High
   CWE: CWE-327 (https://cwe.mitre.org/data/definitions/327.html)
   More Info: https://bandit.readthedocs.io/en/1.8.6/plugins/b324_hashlib.html
   Location: /Users/christianmerrill/Documents/GitHub/TinyRecursiveModels/.venv/lib/python3.11/site-packages/fsspec/tests/abstract/__init__.py:228:23
227	        for i in range(10):
228	            hashed_i = md5(str(i).encode("utf-8")).hexdigest()
229	            path = some_join(source, f"{hashed_i}.txt")

--------------------------------------------------
>> Issue: [B324:hashlib] Use of weak MD5 hash for security. Consider usedforsecurity=False
   Severity: High   Confidence: High
   CWE: CWE-327 (https://cwe.mitre.org/data/definitions/327.html)
   More Info: https://bandit.readthedocs.io/en/1.8.6/plugins/b324_hashlib.html
   Location: /Users/christianmerrill/Documents/GitHub/TinyRecursiveModels/.venv/lib/python3.11/site-packages/fsspec/tests/abstract/copy.py:548:23
547	        for i in range(10):
548	            hashed_i = md5(str(i).encode("utf-8")).hexdigest()
549	            source_files.append(fs_join(source, f"{hashed_i}.txt"))

--------------------------------------------------
>> Issue: [B324:hashlib] Use of weak MD5 hash for security. Consider usedforsecurity=False
   Severity: High   Confidence: High
   CWE: CWE-327 (https://cwe.mitre.org/data/definitions/327.html)
   More Info: https://bandit.readthedocs.io/en/1.8.6/plugins/b324_hashlib.html
   Location: /Users/christianmerrill/Documents/GitHub/TinyRecursiveModels/.venv/lib/python3.11/site-packages/fsspec/tests/abstract/get.py:576:23
575	        for i in range(10):
576	            hashed_i = md5(str(i).encode("utf-8")).hexdigest()
577	            source_files.append(fs_join(source, f"{hashed_i}.txt"))

--------------------------------------------------
>> Issue: [B605:start_process_with_a_shell] Starting a process with a shell, possible injection detected, security issue.
   Severity: High   Confidence: High
   CWE: CWE-78 (https://cwe.mitre.org/data/definitions/78.html)
   More Info: https://bandit.readthedocs.io/en/1.8.6/plugins/b605_start_process_with_a_shell.html
   Location: /Users/christianmerrill/Documents/GitHub/TinyRecursiveModels/.venv/lib/python3.11/site-packages/fsspec/tests/abstract/mv.py:36:8
35	    if os.name == "nt":
36	        os.system(f'icacls "{protected_path}" /deny Everyone:(W)')
37	    else:

--------------------------------------------------
>> Issue: [B605:start_process_with_a_shell] Starting a process with a shell, possible injection detected, security issue.
   Severity: High   Confidence: High
   CWE: CWE-78 (https://cwe.mitre.org/data/definitions/78.html)
   More Info: https://bandit.readthedocs.io/en/1.8.6/plugins/b605_start_process_with_a_shell.html
   Location: /Users/christianmerrill/Documents/GitHub/TinyRecursiveModels/.venv/lib/python3.11/site-packages/fsspec/tests/abstract/mv.py:55:8
54	    if os.name == "nt":
55	        os.system(f'icacls "{protected_path}" /remove:d Everyone')
56	    else:

--------------------------------------------------
>> Issue: [B324:hashlib] Use of weak MD5 hash for security. Consider usedforsecurity=False
   Severity: High   Confidence: High
   CWE: CWE-327 (https://cwe.mitre.org/data/definitions/327.html)
   More Info: https://bandit.readthedocs.io/en/1.8.6/plugins/b324_hashlib.html
   Location: /Users/christianmerrill/Documents/GitHub/TinyRecursiveModels/.venv/lib/python3.11/site-packages/fsspec/tests/abstract/put.py:582:23
581	        for i in range(10):
582	            hashed_i = md5(str(i).encode("utf-8")).hexdigest()
583	            source_files.append(local_join(source, f"{hashed_i}.txt"))

--------------------------------------------------
>> Issue: [B324:hashlib] Use of weak MD5 hash for security. Consider usedforsecurity=False
   Severity: High   Confidence: High
   CWE: CWE-327 (https://cwe.mitre.org/data/definitions/327.html)
   More Info: https://bandit.readthedocs.io/en/1.8.6/plugins/b324_hashlib.html
   Location: /Users/christianmerrill/Documents/GitHub/TinyRecursiveModels/.venv/lib/python3.11/site-packages/fsspec/utils.py:320:12
319	    try:
320	        h = md5(str(args).encode())
321	    except ValueError:

--------------------------------------------------
>> Issue: [B324:hashlib] Use of weak SHA1 hash for security. Consider usedforsecurity=False
   Severity: High   Confidence: High
   CWE: CWE-327 (https://cwe.mitre.org/data/definitions/327.html)
   More Info: https://bandit.readthedocs.io/en/1.8.6/plugins/b324_hashlib.html
   Location: /Users/christianmerrill/Documents/GitHub/TinyRecursiveModels/.venv/lib/python3.11/site-packages/google/protobuf/proto_builder.py:68:16
67	  # proto files.
68	  fields_hash = hashlib.sha1()
69	  for f_name, f_type in field_items:

--------------------------------------------------
>> Issue: [B324:hashlib] Use of weak SHA1 hash for security. Consider usedforsecurity=False
   Severity: High   Confidence: High
   CWE: CWE-327 (https://cwe.mitre.org/data/definitions/327.html)
   More Info: https://bandit.readthedocs.io/en/1.8.6/plugins/b324_hashlib.html
   Location: /Users/christianmerrill/Documents/GitHub/TinyRecursiveModels/.venv/lib/python3.11/site-packages/huggingface_hub/_local_folder.py:447:36
446	def _short_hash(filename: str) -> str:
447	    return base64.urlsafe_b64encode(hashlib.sha1(filename.encode()).digest()).decode()

--------------------------------------------------
>> Issue: [B324:hashlib] Use of weak SHA1 hash for security. Consider usedforsecurity=False
   Severity: High   Confidence: High
   CWE: CWE-327 (https://cwe.mitre.org/data/definitions/327.html)
   More Info: https://bandit.readthedocs.io/en/1.8.6/plugins/b324_hashlib.html
   Location: /Users/christianmerrill/Documents/GitHub/TinyRecursiveModels/.venv/lib/python3.11/site-packages/jinja2/bccache.py:156:15
155	        """Returns the unique hash key for this template name."""
156	        hash = sha1(name.encode("utf-8"))
157	

--------------------------------------------------
>> Issue: [B324:hashlib] Use of weak SHA1 hash for security. Consider usedforsecurity=False
   Severity: High   Confidence: High
   CWE: CWE-327 (https://cwe.mitre.org/data/definitions/327.html)
   More Info: https://bandit.readthedocs.io/en/1.8.6/plugins/b324_hashlib.html
   Location: /Users/christianmerrill/Documents/GitHub/TinyRecursiveModels/.venv/lib/python3.11/site-packages/jinja2/bccache.py:165:15
164	        """Returns a checksum for the source."""
165	        return sha1(source.encode("utf-8")).hexdigest()
166	

--------------------------------------------------
>> Issue: [B324:hashlib] Use of weak SHA1 hash for security. Consider usedforsecurity=False
   Severity: High   Confidence: High
   CWE: CWE-327 (https://cwe.mitre.org/data/definitions/327.html)
   More Info: https://bandit.readthedocs.io/en/1.8.6/plugins/b324_hashlib.html
   Location: /Users/christianmerrill/Documents/GitHub/TinyRecursiveModels/.venv/lib/python3.11/site-packages/jinja2/loaders.py:661:25
660	    def get_template_key(name: str) -> str:
661	        return "tmpl_" + sha1(name.encode("utf-8")).hexdigest()
662	

--------------------------------------------------
>> Issue: [B602:subprocess_popen_with_shell_equals_true] subprocess call with shell=True identified, security issue.
   Severity: High   Confidence: High
   CWE: CWE-78 (https://cwe.mitre.org/data/definitions/78.html)
   More Info: https://bandit.readthedocs.io/en/1.8.6/plugins/b602_subprocess_popen_with_shell_equals_true.html
   Location: /Users/christianmerrill/Documents/GitHub/TinyRecursiveModels/.venv/lib/python3.11/site-packages/mlx/distributed_run.py:269:12
268	            cmd,
269	            shell=True,
270	            stdin=PIPE,
271	            stdout=PIPE,
272	            stderr=PIPE,
273	        )
274	        os.set_blocking(p.stdout.fileno(), False)
275	        os.set_blocking(p.stderr.fileno(), False)
276	        os.set_blocking(p.stdin.fileno(), False)

--------------------------------------------------
>> Issue: [B602:subprocess_popen_with_shell_equals_true] subprocess call with shell=True identified, security issue.
   Severity: High   Confidence: High
   CWE: CWE-78 (https://cwe.mitre.org/data/definitions/78.html)
   More Info: https://bandit.readthedocs.io/en/1.8.6/plugins/b602_subprocess_popen_with_shell_equals_true.html
   Location: /Users/christianmerrill/Documents/GitHub/TinyRecursiveModels/.venv/lib/python3.11/site-packages/mlx/distributed_run.py:332:12
331	            cmd = f"ssh {host} '{cmd}'"
332	        c = run(cmd, check=True, shell=True, capture_output=True, text=True)
333	        if c.stdout.strip() == "1":

--------------------------------------------------
>> Issue: [B605:start_process_with_a_shell] Starting a process with a shell, possible injection detected, security issue.
   Severity: High   Confidence: High
   CWE: CWE-78 (https://cwe.mitre.org/data/definitions/78.html)
   More Info: https://bandit.readthedocs.io/en/1.8.6/plugins/b605_start_process_with_a_shell.html
   Location: /Users/christianmerrill/Documents/GitHub/TinyRecursiveModels/.venv/lib/python3.11/site-packages/numpy/distutils/cpuinfo.py:29:25
28	    try:
29	        status, output = getstatusoutput(cmd)
30	    except OSError as e:

--------------------------------------------------
>> Issue: [B602:subprocess_popen_with_shell_equals_true] subprocess call with shell=True identified, security issue.
   Severity: High   Confidence: High
   CWE: CWE-78 (https://cwe.mitre.org/data/definitions/78.html)
   More Info: https://bandit.readthedocs.io/en/1.8.6/plugins/b602_subprocess_popen_with_shell_equals_true.html
   Location: /Users/christianmerrill/Documents/GitHub/TinyRecursiveModels/.venv/lib/python3.11/site-packages/numpy/distutils/exec_command.py:283:15
282	        # it encounters an invalid character; rather, we simply replace it
283	        proc = subprocess.Popen(command, shell=use_shell, env=env, text=False,
284	                                stdout=subprocess.PIPE,
285	                                stderr=subprocess.STDOUT)
286	    except OSError:

--------------------------------------------------
>> Issue: [B324:hashlib] Use of weak SHA1 hash for security. Consider usedforsecurity=False
   Severity: High   Confidence: High
   CWE: CWE-327 (https://cwe.mitre.org/data/definitions/327.html)
   More Info: https://bandit.readthedocs.io/en/1.8.6/plugins/b324_hashlib.html
   Location: /Users/christianmerrill/Documents/GitHub/TinyRecursiveModels/.venv/lib/python3.11/site-packages/numpy/distutils/fcompiler/gnu.py:402:12
401	    def _hash_files(self, filenames):
402	        h = hashlib.sha1()
403	        for fn in filenames:

--------------------------------------------------
>> Issue: [B602:subprocess_popen_with_shell_equals_true] subprocess call with shell=True identified, security issue.
   Severity: High   Confidence: High
   CWE: CWE-78 (https://cwe.mitre.org/data/definitions/78.html)
   More Info: https://bandit.readthedocs.io/en/1.8.6/plugins/b602_subprocess_popen_with_shell_equals_true.html
   Location: /Users/christianmerrill/Documents/GitHub/TinyRecursiveModels/.venv/lib/python3.11/site-packages/numpy/distutils/lib2def.py:66:8
65	nm_output = getnm(nm_cmd = 'nm -Cs py_lib')"""
66	    p = subprocess.Popen(nm_cmd, shell=shell, stdout=subprocess.PIPE,
67	                         stderr=subprocess.PIPE, text=True)
68	    nm_output, nm_err = p.communicate()

--------------------------------------------------
>> Issue: [B602:subprocess_popen_with_shell_equals_true] subprocess call with shell=True identified, security issue.
   Severity: High   Confidence: High
   CWE: CWE-78 (https://cwe.mitre.org/data/definitions/78.html)
   More Info: https://bandit.readthedocs.io/en/1.8.6/plugins/b602_subprocess_popen_with_shell_equals_true.html
   Location: /Users/christianmerrill/Documents/GitHub/TinyRecursiveModels/.venv/lib/python3.11/site-packages/numpy/distutils/tests/test_shell_utils.py:48:27
47	        # posix has no non-shell string parsing
48	        return lambda cmd: subprocess.check_output(cmd, shell=True)
49	    else:

--------------------------------------------------
>> Issue: [B602:subprocess_popen_with_shell_equals_true] subprocess call with shell=True identified, security issue.
   Severity: High   Confidence: High
   CWE: CWE-78 (https://cwe.mitre.org/data/definitions/78.html)
   More Info: https://bandit.readthedocs.io/en/1.8.6/plugins/b602_subprocess_popen_with_shell_equals_true.html
   Location: /Users/christianmerrill/Documents/GitHub/TinyRecursiveModels/.venv/lib/python3.11/site-packages/pip/_internal/commands/configuration.py:247:12
246	        try:
247	            subprocess.check_call(f'{editor} "{fname}"', shell=True)
248	        except FileNotFoundError as e:

--------------------------------------------------
>> Issue: [B411:blacklist] Using xmlrpc.client to parse untrusted XML data is known to be vulnerable to XML attacks. Use defusedxml.xmlrpc.monkey_patch() function to monkey-patch xmlrpclib and mitigate XML vulnerabilities.
   Severity: High   Confidence: High
   CWE: CWE-20 (https://cwe.mitre.org/data/definitions/20.html)
   More Info: https://bandit.readthedocs.io/en/1.8.6/blacklists/blacklist_imports.html#b411-import-xmlrpclib
   Location: /Users/christianmerrill/Documents/GitHub/TinyRecursiveModels/.venv/lib/python3.11/site-packages/pip/_internal/commands/search.py:7:0
6	import textwrap
7	import xmlrpc.client
8	from collections import OrderedDict

--------------------------------------------------
>> Issue: [B411:blacklist] Using xmlrpc.client to parse untrusted XML data is known to be vulnerable to XML attacks. Use defusedxml.xmlrpc.monkey_patch() function to monkey-patch xmlrpclib and mitigate XML vulnerabilities.
   Severity: High   Confidence: High
   CWE: CWE-20 (https://cwe.mitre.org/data/definitions/20.html)
   More Info: https://bandit.readthedocs.io/en/1.8.6/blacklists/blacklist_imports.html#b411-import-xmlrpclib
   Location: /Users/christianmerrill/Documents/GitHub/TinyRecursiveModels/.venv/lib/python3.11/site-packages/pip/_internal/network/xmlrpc.py:5:0
4	import urllib.parse
5	import xmlrpc.client
6	from typing import TYPE_CHECKING

--------------------------------------------------
>> Issue: [B411:blacklist] Using _HostType to parse untrusted XML data is known to be vulnerable to XML attacks. Use defusedxml.xmlrpc.monkey_patch() function to monkey-patch xmlrpclib and mitigate XML vulnerabilities.
   Severity: High   Confidence: High
   CWE: CWE-20 (https://cwe.mitre.org/data/definitions/20.html)
   More Info: https://bandit.readthedocs.io/en/1.8.6/blacklists/blacklist_imports.html#b411-import-xmlrpclib
   Location: /Users/christianmerrill/Documents/GitHub/TinyRecursiveModels/.venv/lib/python3.11/site-packages/pip/_internal/network/xmlrpc.py:13:4
12	if TYPE_CHECKING:
13	    from xmlrpc.client import _HostType, _Marshallable
14	

--------------------------------------------------
>> Issue: [B202:tarfile_unsafe_members] tarfile.extractall used without any validation. Please check and discard dangerous members.
   Severity: High   Confidence: High
   CWE: CWE-22 (https://cwe.mitre.org/data/definitions/22.html)
   More Info: https://bandit.readthedocs.io/en/1.8.6/plugins/b202_tarfile_unsafe_members.html
   Location: /Users/christianmerrill/Documents/GitHub/TinyRecursiveModels/.venv/lib/python3.11/site-packages/pip/_internal/utils/unpacking.py:245:12
244	
245	            tar.extractall(location, filter=pip_filter)
246	

--------------------------------------------------
>> Issue: [B411:blacklist] Using xmlrpclib to parse untrusted XML data is known to be vulnerable to XML attacks. Use defusedxml.xmlrpc.monkey_patch() function to monkey-patch xmlrpclib and mitigate XML vulnerabilities.
   Severity: High   Confidence: High
   CWE: CWE-20 (https://cwe.mitre.org/data/definitions/20.html)
   More Info: https://bandit.readthedocs.io/en/1.8.6/blacklists/blacklist_imports.html#b411-import-xmlrpclib
   Location: /Users/christianmerrill/Documents/GitHub/TinyRecursiveModels/.venv/lib/python3.11/site-packages/pip/_vendor/distlib/compat.py:42:4
41	    import httplib
42	    import xmlrpclib
43	    import Queue as queue

--------------------------------------------------
>> Issue: [B411:blacklist] Using xmlrpc.client to parse untrusted XML data is known to be vulnerable to XML attacks. Use defusedxml.xmlrpc.monkey_patch() function to monkey-patch xmlrpclib and mitigate XML vulnerabilities.
   Severity: High   Confidence: High
   CWE: CWE-20 (https://cwe.mitre.org/data/definitions/20.html)
   More Info: https://bandit.readthedocs.io/en/1.8.6/blacklists/blacklist_imports.html#b411-import-xmlrpclib
   Location: /Users/christianmerrill/Documents/GitHub/TinyRecursiveModels/.venv/lib/python3.11/site-packages/pip/_vendor/distlib/compat.py:81:4
80	    import urllib.request as urllib2
81	    import xmlrpc.client as xmlrpclib
82	    import queue

--------------------------------------------------
>> Issue: [B202:tarfile_unsafe_members] tarfile.extractall used without any validation. Please check and discard dangerous members.
   Severity: High   Confidence: High
   CWE: CWE-22 (https://cwe.mitre.org/data/definitions/22.html)
   More Info: https://bandit.readthedocs.io/en/1.8.6/plugins/b202_tarfile_unsafe_members.html
   Location: /Users/christianmerrill/Documents/GitHub/TinyRecursiveModels/.venv/lib/python3.11/site-packages/pip/_vendor/distlib/util.py:1285:8
1284	
1285	        archive.extractall(dest_dir)
1286	

--------------------------------------------------
>> Issue: [B324:hashlib] Use of weak MD5 hash for security. Consider usedforsecurity=False
   Severity: High   Confidence: High
   CWE: CWE-327 (https://cwe.mitre.org/data/definitions/327.html)
   More Info: https://bandit.readthedocs.io/en/1.8.6/plugins/b324_hashlib.html
   Location: /Users/christianmerrill/Documents/GitHub/TinyRecursiveModels/.venv/lib/python3.11/site-packages/pip/_vendor/requests/auth.py:148:23
147	                    x = x.encode("utf-8")
148	                return hashlib.md5(x).hexdigest()
149	

--------------------------------------------------
>> Issue: [B324:hashlib] Use of weak SHA1 hash for security. Consider usedforsecurity=False
   Severity: High   Confidence: High
   CWE: CWE-327 (https://cwe.mitre.org/data/definitions/327.html)
   More Info: https://bandit.readthedocs.io/en/1.8.6/plugins/b324_hashlib.html
   Location: /Users/christianmerrill/Documents/GitHub/TinyRecursiveModels/.venv/lib/python3.11/site-packages/pip/_vendor/requests/auth.py:156:23
155	                    x = x.encode("utf-8")
156	                return hashlib.sha1(x).hexdigest()
157	

--------------------------------------------------
>> Issue: [B324:hashlib] Use of weak SHA1 hash for security. Consider usedforsecurity=False
   Severity: High   Confidence: High
   CWE: CWE-327 (https://cwe.mitre.org/data/definitions/327.html)
   More Info: https://bandit.readthedocs.io/en/1.8.6/plugins/b324_hashlib.html
   Location: /Users/christianmerrill/Documents/GitHub/TinyRecursiveModels/.venv/lib/python3.11/site-packages/pip/_vendor/requests/auth.py:205:17
204	
205	        cnonce = hashlib.sha1(s).hexdigest()[:16]
206	        if _algorithm == "MD5-SESS":

--------------------------------------------------
>> Issue: [B202:tarfile_unsafe_members] tarfile.extractall used without any validation. Please check and discard dangerous members.
   Severity: High   Confidence: High
   CWE: CWE-22 (https://cwe.mitre.org/data/definitions/22.html)
   More Info: https://bandit.readthedocs.io/en/1.8.6/plugins/b202_tarfile_unsafe_members.html
   Location: /Users/christianmerrill/Documents/GitHub/TinyRecursiveModels/.venv/lib/python3.11/site-packages/pygments/lexers/_php_builtins.py:3301:12
3300	        with tarfile.open(download[0]) as tar:
3301	            tar.extractall()
3302	        yield from glob.glob(f"{PHP_MANUAL_DIR}{PHP_REFERENCE_GLOB}")

--------------------------------------------------
>> Issue: [B324:hashlib] Use of weak MD5 hash for security. Consider usedforsecurity=False
   Severity: High   Confidence: High
   CWE: CWE-327 (https://cwe.mitre.org/data/definitions/327.html)
   More Info: https://bandit.readthedocs.io/en/1.8.6/plugins/b324_hashlib.html
   Location: /Users/christianmerrill/Documents/GitHub/TinyRecursiveModels/.venv/lib/python3.11/site-packages/requests/auth.py:148:23
147	                    x = x.encode("utf-8")
148	                return hashlib.md5(x).hexdigest()
149	

--------------------------------------------------
>> Issue: [B324:hashlib] Use of weak SHA1 hash for security. Consider usedforsecurity=False
   Severity: High   Confidence: High
   CWE: CWE-327 (https://cwe.mitre.org/data/definitions/327.html)
   More Info: https://bandit.readthedocs.io/en/1.8.6/plugins/b324_hashlib.html
   Location: /Users/christianmerrill/Documents/GitHub/TinyRecursiveModels/.venv/lib/python3.11/site-packages/requests/auth.py:156:23
155	                    x = x.encode("utf-8")
156	                return hashlib.sha1(x).hexdigest()
157	

--------------------------------------------------
>> Issue: [B324:hashlib] Use of weak SHA1 hash for security. Consider usedforsecurity=False
   Severity: High   Confidence: High
   CWE: CWE-327 (https://cwe.mitre.org/data/definitions/327.html)
   More Info: https://bandit.readthedocs.io/en/1.8.6/plugins/b324_hashlib.html
   Location: /Users/christianmerrill/Documents/GitHub/TinyRecursiveModels/.venv/lib/python3.11/site-packages/requests/auth.py:205:17
204	
205	        cnonce = hashlib.sha1(s).hexdigest()[:16]
206	        if _algorithm == "MD5-SESS":

--------------------------------------------------
>> Issue: [B605:start_process_with_a_shell] Starting a process with a shell, possible injection detected, security issue.
   Severity: High   Confidence: High
   CWE: CWE-78 (https://cwe.mitre.org/data/definitions/78.html)
   More Info: https://bandit.readthedocs.io/en/1.8.6/plugins/b605_start_process_with_a_shell.html
   Location: /Users/christianmerrill/Documents/GitHub/TinyRecursiveModels/.venv/lib/python3.11/site-packages/setuptools/_distutils/command/bdist_rpm.py:357:14
356	
357	        out = os.popen(q_cmd)
358	        try:

--------------------------------------------------
>> Issue: [B103:set_bad_file_permissions] Chmod setting a permissive mask 0o777 on file (exe).
   Severity: High   Confidence: High
   CWE: CWE-732 (https://cwe.mitre.org/data/definitions/732.html)
   More Info: https://bandit.readthedocs.io/en/1.8.6/plugins/b103_set_bad_file_permissions.html
   Location: /Users/christianmerrill/Documents/GitHub/TinyRecursiveModels/.venv/lib/python3.11/site-packages/setuptools/_distutils/tests/test_spawn.py:32:8
31	
32	        os.chmod(exe, 0o777)
33	        with pytest.raises(DistutilsExecError):

--------------------------------------------------
>> Issue: [B103:set_bad_file_permissions] Chmod setting a permissive mask 0o777 on file (exe).
   Severity: High   Confidence: High
   CWE: CWE-732 (https://cwe.mitre.org/data/definitions/732.html)
   More Info: https://bandit.readthedocs.io/en/1.8.6/plugins/b103_set_bad_file_permissions.html
   Location: /Users/christianmerrill/Documents/GitHub/TinyRecursiveModels/.venv/lib/python3.11/site-packages/setuptools/_distutils/tests/test_spawn.py:44:8
43	
44	        os.chmod(exe, 0o777)
45	        spawn([exe])  # should work without any error

--------------------------------------------------
>> Issue: [B202:tarfile_unsafe_members] tarfile.extractall used without any validation. Please check and discard dangerous members.
   Severity: High   Confidence: High
   CWE: CWE-22 (https://cwe.mitre.org/data/definitions/22.html)
   More Info: https://bandit.readthedocs.io/en/1.8.6/plugins/b202_tarfile_unsafe_members.html
   Location: /Users/christianmerrill/Documents/GitHub/TinyRecursiveModels/.venv/lib/python3.11/site-packages/setuptools/_vendor/jaraco/context.py:65:12
64	        with tarfile.open(fileobj=req, mode='r|*') as tf:
65	            tf.extractall(path=target_dir, filter=strip_first_component)
66	        yield target_dir

--------------------------------------------------
>> Issue: [B602:subprocess_popen_with_shell_equals_true] subprocess call with shell=True identified, security issue.
   Severity: High   Confidence: High
   CWE: CWE-78 (https://cwe.mitre.org/data/definitions/78.html)
   More Info: https://bandit.readthedocs.io/en/1.8.6/plugins/b602_subprocess_popen_with_shell_equals_true.html
   Location: /Users/christianmerrill/Documents/GitHub/TinyRecursiveModels/.venv/lib/python3.11/site-packages/setuptools/tests/environment.py:77:15
76	            stderr=_PIPE,
77	            shell=shell,
78	            env=env,
79	            encoding="utf-8",
80	        )
81	
82	        if isinstance(data_stream, tuple):
83	            data_stream = slice(*data_stream)
84	        data = proc.communicate()[data_stream]
85	    except OSError:

--------------------------------------------------
>> Issue: [B324:hashlib] Use of weak MD5 hash for security. Consider usedforsecurity=False
   Severity: High   Confidence: High
   CWE: CWE-327 (https://cwe.mitre.org/data/definitions/327.html)
   More Info: https://bandit.readthedocs.io/en/1.8.6/plugins/b324_hashlib.html
   Location: /Users/christianmerrill/Documents/GitHub/TinyRecursiveModels/.venv/lib/python3.11/site-packages/setuptools/tests/integration/test_pip_install_sdist.py:190:11
189	
190	    assert md5(data).hexdigest() == md5_digest
191	

--------------------------------------------------
>> Issue: [B103:set_bad_file_permissions] Chmod setting a permissive mask 0o777 on file (runsh).
   Severity: High   Confidence: High
   CWE: CWE-732 (https://cwe.mitre.org/data/definitions/732.html)
   More Info: https://bandit.readthedocs.io/en/1.8.6/plugins/b103_set_bad_file_permissions.html
   Location: /Users/christianmerrill/Documents/GitHub/TinyRecursiveModels/.venv/lib/python3.11/site-packages/setuptools/tests/test_wheel.py:626:12
625	            runsh = pathlib.Path(source_dir) / "script.sh"
626	            os.chmod(runsh, 0o777)
627	            subprocess.check_call(

--------------------------------------------------
>> Issue: [B201:flask_debug_true] A Flask app appears to be run with debug=True, which exposes the Werkzeug debugger and allows the execution of arbitrary code.
   Severity: High   Confidence: Medium
   CWE: CWE-94 (https://cwe.mitre.org/data/definitions/94.html)
   More Info: https://bandit.readthedocs.io/en/1.8.6/plugins/b201_flask_debug_true.html
   Location: /Users/christianmerrill/Documents/GitHub/ack_webhook.py:22:4
21	if __name__ == "__main__":
22	    app.run(host="0.0.0.0", port=5055, debug=True)

--------------------------------------------------
>> Issue: [B602:subprocess_popen_with_shell_equals_true] subprocess call with shell=True identified, security issue.
   Severity: High   Confidence: High
   CWE: CWE-78 (https://cwe.mitre.org/data/definitions/78.html)
   More Info: https://bandit.readthedocs.io/en/1.8.6/plugins/b602_subprocess_popen_with_shell_equals_true.html
   Location: /Users/christianmerrill/Documents/GitHub/ai_command_routing.py:285:21
284	            cmd = f'security authorize -u -P "Athena Command: {description}"'
285	            result = subprocess.run(cmd, shell=True, capture_output=True, timeout=30)
286	

--------------------------------------------------
>> Issue: [B602:subprocess_popen_with_shell_equals_true] subprocess call with shell=True identified, security issue.
   Severity: High   Confidence: High
   CWE: CWE-78 (https://cwe.mitre.org/data/definitions/78.html)
   More Info: https://bandit.readthedocs.io/en/1.8.6/plugins/b602_subprocess_popen_with_shell_equals_true.html
   Location: /Users/christianmerrill/Documents/GitHub/ai_republic_cli.py:51:21
50	            result = subprocess.run(
51	                cmd, shell=True, capture_output=True, text=True, timeout=timeout
52	            )
53	            return result.stdout.strip(), result.stderr.strip(), result.returncode
54	        except subprocess.TimeoutExpired:

--------------------------------------------------
>> Issue: [B324:hashlib] Use of weak MD5 hash for security. Consider usedforsecurity=False
   Severity: High   Confidence: High
   CWE: CWE-327 (https://cwe.mitre.org/data/definitions/327.html)
   More Info: https://bandit.readthedocs.io/en/1.8.6/plugins/b324_hashlib.html
   Location: /Users/christianmerrill/Documents/GitHub/athena_memory_system.py:196:20
195	        # Learn user patterns (what commands they use most)
196	        user_hash = hashlib.md5(user_input.lower().encode()).hexdigest()[:8]
197	        if user_hash not in self.long_term_memory['user_command_patterns']:

--------------------------------------------------
>> Issue: [B602:subprocess_popen_with_shell_equals_true] subprocess call with shell=True identified, security issue.
   Severity: High   Confidence: High
   CWE: CWE-78 (https://cwe.mitre.org/data/definitions/78.html)
   More Info: https://bandit.readthedocs.io/en/1.8.6/plugins/b602_subprocess_popen_with_shell_equals_true.html
   Location: /Users/christianmerrill/Documents/GitHub/fastvlm/ml-fastvlm/.venv/lib/python3.9/site-packages/pip/_internal/commands/configuration.py:247:12
246	        try:
247	            subprocess.check_call(f'{editor} "{fname}"', shell=True)
248	        except FileNotFoundError as e:

--------------------------------------------------
>> Issue: [B411:blacklist] Using xmlrpc.client to parse untrusted XML data is known to be vulnerable to XML attacks. Use defusedxml.xmlrpc.monkey_patch() function to monkey-patch xmlrpclib and mitigate XML vulnerabilities.
   Severity: High   Confidence: High
   CWE: CWE-20 (https://cwe.mitre.org/data/definitions/20.html)
   More Info: https://bandit.readthedocs.io/en/1.8.6/blacklists/blacklist_imports.html#b411-import-xmlrpclib
   Location: /Users/christianmerrill/Documents/GitHub/fastvlm/ml-fastvlm/.venv/lib/python3.9/site-packages/pip/_internal/commands/search.py:7:0
6	import textwrap
7	import xmlrpc.client
8	from collections import OrderedDict

--------------------------------------------------
>> Issue: [B411:blacklist] Using xmlrpc.client to parse untrusted XML data is known to be vulnerable to XML attacks. Use defusedxml.xmlrpc.monkey_patch() function to monkey-patch xmlrpclib and mitigate XML vulnerabilities.
   Severity: High   Confidence: High
   CWE: CWE-20 (https://cwe.mitre.org/data/definitions/20.html)
   More Info: https://bandit.readthedocs.io/en/1.8.6/blacklists/blacklist_imports.html#b411-import-xmlrpclib
   Location: /Users/christianmerrill/Documents/GitHub/fastvlm/ml-fastvlm/.venv/lib/python3.9/site-packages/pip/_internal/network/xmlrpc.py:5:0
4	import urllib.parse
5	import xmlrpc.client
6	from typing import TYPE_CHECKING

--------------------------------------------------
>> Issue: [B411:blacklist] Using _HostType to parse untrusted XML data is known to be vulnerable to XML attacks. Use defusedxml.xmlrpc.monkey_patch() function to monkey-patch xmlrpclib and mitigate XML vulnerabilities.
   Severity: High   Confidence: High
   CWE: CWE-20 (https://cwe.mitre.org/data/definitions/20.html)
   More Info: https://bandit.readthedocs.io/en/1.8.6/blacklists/blacklist_imports.html#b411-import-xmlrpclib
   Location: /Users/christianmerrill/Documents/GitHub/fastvlm/ml-fastvlm/.venv/lib/python3.9/site-packages/pip/_internal/network/xmlrpc.py:13:4
12	if TYPE_CHECKING:
13	    from xmlrpc.client import _HostType, _Marshallable
14	

--------------------------------------------------
>> Issue: [B202:tarfile_unsafe_members] tarfile.extractall used without any validation. Please check and discard dangerous members.
   Severity: High   Confidence: High
   CWE: CWE-22 (https://cwe.mitre.org/data/definitions/22.html)
   More Info: https://bandit.readthedocs.io/en/1.8.6/plugins/b202_tarfile_unsafe_members.html
   Location: /Users/christianmerrill/Documents/GitHub/fastvlm/ml-fastvlm/.venv/lib/python3.9/site-packages/pip/_internal/utils/unpacking.py:245:12
244	
245	            tar.extractall(location, filter=pip_filter)
246	

--------------------------------------------------
>> Issue: [B411:blacklist] Using xmlrpclib to parse untrusted XML data is known to be vulnerable to XML attacks. Use defusedxml.xmlrpc.monkey_patch() function to monkey-patch xmlrpclib and mitigate XML vulnerabilities.
   Severity: High   Confidence: High
   CWE: CWE-20 (https://cwe.mitre.org/data/definitions/20.html)
   More Info: https://bandit.readthedocs.io/en/1.8.6/blacklists/blacklist_imports.html#b411-import-xmlrpclib
   Location: /Users/christianmerrill/Documents/GitHub/fastvlm/ml-fastvlm/.venv/lib/python3.9/site-packages/pip/_vendor/distlib/compat.py:42:4
41	    import httplib
42	    import xmlrpclib
43	    import Queue as queue

--------------------------------------------------
>> Issue: [B411:blacklist] Using xmlrpc.client to parse untrusted XML data is known to be vulnerable to XML attacks. Use defusedxml.xmlrpc.monkey_patch() function to monkey-patch xmlrpclib and mitigate XML vulnerabilities.
   Severity: High   Confidence: High
   CWE: CWE-20 (https://cwe.mitre.org/data/definitions/20.html)
   More Info: https://bandit.readthedocs.io/en/1.8.6/blacklists/blacklist_imports.html#b411-import-xmlrpclib
   Location: /Users/christianmerrill/Documents/GitHub/fastvlm/ml-fastvlm/.venv/lib/python3.9/site-packages/pip/_vendor/distlib/compat.py:81:4
80	    import urllib.request as urllib2
81	    import xmlrpc.client as xmlrpclib
82	    import queue

--------------------------------------------------
>> Issue: [B202:tarfile_unsafe_members] tarfile.extractall used without any validation. Please check and discard dangerous members.
   Severity: High   Confidence: High
   CWE: CWE-22 (https://cwe.mitre.org/data/definitions/22.html)
   More Info: https://bandit.readthedocs.io/en/1.8.6/plugins/b202_tarfile_unsafe_members.html
   Location: /Users/christianmerrill/Documents/GitHub/fastvlm/ml-fastvlm/.venv/lib/python3.9/site-packages/pip/_vendor/distlib/util.py:1285:8
1284	
1285	        archive.extractall(dest_dir)
1286	

--------------------------------------------------
>> Issue: [B324:hashlib] Use of weak MD5 hash for security. Consider usedforsecurity=False
   Severity: High   Confidence: High
   CWE: CWE-327 (https://cwe.mitre.org/data/definitions/327.html)
   More Info: https://bandit.readthedocs.io/en/1.8.6/plugins/b324_hashlib.html
   Location: /Users/christianmerrill/Documents/GitHub/fastvlm/ml-fastvlm/.venv/lib/python3.9/site-packages/pip/_vendor/requests/auth.py:148:23
147	                    x = x.encode("utf-8")
148	                return hashlib.md5(x).hexdigest()
149	

--------------------------------------------------
>> Issue: [B324:hashlib] Use of weak SHA1 hash for security. Consider usedforsecurity=False
   Severity: High   Confidence: High
   CWE: CWE-327 (https://cwe.mitre.org/data/definitions/327.html)
   More Info: https://bandit.readthedocs.io/en/1.8.6/plugins/b324_hashlib.html
   Location: /Users/christianmerrill/Documents/GitHub/fastvlm/ml-fastvlm/.venv/lib/python3.9/site-packages/pip/_vendor/requests/auth.py:156:23
155	                    x = x.encode("utf-8")
156	                return hashlib.sha1(x).hexdigest()
157	

--------------------------------------------------
>> Issue: [B324:hashlib] Use of weak SHA1 hash for security. Consider usedforsecurity=False
   Severity: High   Confidence: High
   CWE: CWE-327 (https://cwe.mitre.org/data/definitions/327.html)
   More Info: https://bandit.readthedocs.io/en/1.8.6/plugins/b324_hashlib.html
   Location: /Users/christianmerrill/Documents/GitHub/fastvlm/ml-fastvlm/.venv/lib/python3.9/site-packages/pip/_vendor/requests/auth.py:205:17
204	
205	        cnonce = hashlib.sha1(s).hexdigest()[:16]
206	        if _algorithm == "MD5-SESS":

--------------------------------------------------
>> Issue: [B605:start_process_with_a_shell] Starting a process with a shell, possible injection detected, security issue.
   Severity: High   Confidence: High
   CWE: CWE-78 (https://cwe.mitre.org/data/definitions/78.html)
   More Info: https://bandit.readthedocs.io/en/1.8.6/plugins/b605_start_process_with_a_shell.html
   Location: /Users/christianmerrill/Documents/GitHub/fastvlm/ml-fastvlm/.venv/lib/python3.9/site-packages/setuptools/_distutils/command/bdist_rpm.py:340:14
339	
340	        out = os.popen(q_cmd)
341	        try:

--------------------------------------------------
>> Issue: [B602:subprocess_popen_with_shell_equals_true] subprocess call with shell=True identified, security issue.
   Severity: High   Confidence: High
   CWE: CWE-78 (https://cwe.mitre.org/data/definitions/78.html)
   More Info: https://bandit.readthedocs.io/en/1.8.6/plugins/b602_subprocess_popen_with_shell_equals_true.html
   Location: /Users/christianmerrill/Documents/GitHub/fastvlm/ml-fastvlm/.venv/lib/python3.9/site-packages/setuptools/_distutils/cygwinccompiler.py:391:10
390	        return None
391	    out = Popen(cmd, shell=True, stdout=PIPE).stdout
392	    try:

--------------------------------------------------
>> Issue: [B605:start_process_with_a_shell] Starting a process with a shell, possible injection detected, security issue.
   Severity: High   Confidence: High
   CWE: CWE-78 (https://cwe.mitre.org/data/definitions/78.html)
   More Info: https://bandit.readthedocs.io/en/1.8.6/plugins/b605_start_process_with_a_shell.html
   Location: /Users/christianmerrill/Documents/GitHub/fastvlm/ml-fastvlm/.venv/lib/python3.9/site-packages/setuptools/package_index.py:853:8
852	        self.info("Doing subversion checkout from %s to %s", url, filename)
853	        os.system("svn checkout%s -q %s %s" % (creds, url, filename))
854	        return filename

--------------------------------------------------
>> Issue: [B605:start_process_with_a_shell] Starting a process with a shell, possible injection detected, security issue.
   Severity: High   Confidence: High
   CWE: CWE-78 (https://cwe.mitre.org/data/definitions/78.html)
   More Info: https://bandit.readthedocs.io/en/1.8.6/plugins/b605_start_process_with_a_shell.html
   Location: /Users/christianmerrill/Documents/GitHub/fastvlm/ml-fastvlm/.venv/lib/python3.9/site-packages/setuptools/package_index.py:879:8
878	        self.info("Doing git clone from %s to %s", url, filename)
879	        os.system("git clone --quiet %s %s" % (url, filename))
880	

--------------------------------------------------
>> Issue: [B605:start_process_with_a_shell] Starting a process with a shell, possible injection detected, security issue.
   Severity: High   Confidence: High
   CWE: CWE-78 (https://cwe.mitre.org/data/definitions/78.html)
   More Info: https://bandit.readthedocs.io/en/1.8.6/plugins/b605_start_process_with_a_shell.html
   Location: /Users/christianmerrill/Documents/GitHub/fastvlm/ml-fastvlm/.venv/lib/python3.9/site-packages/setuptools/package_index.py:883:12
882	            self.info("Checking out %s", rev)
883	            os.system("git -C %s checkout --quiet %s" % (
884	                filename,
885	                rev,
886	            ))
887	

--------------------------------------------------
>> Issue: [B605:start_process_with_a_shell] Starting a process with a shell, possible injection detected, security issue.
   Severity: High   Confidence: High
   CWE: CWE-78 (https://cwe.mitre.org/data/definitions/78.html)
   More Info: https://bandit.readthedocs.io/en/1.8.6/plugins/b605_start_process_with_a_shell.html
   Location: /Users/christianmerrill/Documents/GitHub/fastvlm/ml-fastvlm/.venv/lib/python3.9/site-packages/setuptools/package_index.py:895:8
894	        self.info("Doing hg clone from %s to %s", url, filename)
895	        os.system("hg clone --quiet %s %s" % (url, filename))
896	

--------------------------------------------------
>> Issue: [B605:start_process_with_a_shell] Starting a process with a shell, possible injection detected, security issue.
   Severity: High   Confidence: High
   CWE: CWE-78 (https://cwe.mitre.org/data/definitions/78.html)
   More Info: https://bandit.readthedocs.io/en/1.8.6/plugins/b605_start_process_with_a_shell.html
   Location: /Users/christianmerrill/Documents/GitHub/fastvlm/ml-fastvlm/.venv/lib/python3.9/site-packages/setuptools/package_index.py:899:12
898	            self.info("Updating to %s", rev)
899	            os.system("hg --cwd %s up -C -r %s -q" % (
900	                filename,
901	                rev,
902	            ))
903	

--------------------------------------------------
>> Issue: [B324:hashlib] Use of weak MD5 hash for security. Consider usedforsecurity=False
   Severity: High   Confidence: High
   CWE: CWE-327 (https://cwe.mitre.org/data/definitions/327.html)
   More Info: https://bandit.readthedocs.io/en/1.8.6/plugins/b324_hashlib.html
   Location: /Users/christianmerrill/Documents/GitHub/fastvlm/ml-fastvlm/llava/serve/gradio_web_server.py:222:22
221	    all_images = state.get_images(return_pil=True)
222	    all_image_hash = [hashlib.md5(image.tobytes()).hexdigest() for image in all_images]
223	    for image, hash in zip(all_images, all_image_hash):

--------------------------------------------------
>> Issue: [B602:subprocess_popen_with_shell_equals_true] subprocess call with shell=True identified, security issue.
   Severity: High   Confidence: High
   CWE: CWE-78 (https://cwe.mitre.org/data/definitions/78.html)
   More Info: https://bandit.readthedocs.io/en/1.8.6/plugins/b602_subprocess_popen_with_shell_equals_true.html
   Location: /Users/christianmerrill/Documents/GitHub/kokoro-venv/lib/python3.12/site-packages/click/_termui_impl.py:453:8
452	        [str(cmd_path)] + cmd_params,
453	        shell=True,
454	        stdin=subprocess.PIPE,
455	        env=env,
456	        errors="replace",
457	        text=True,
458	    )
459	    assert c.stdin is not None
460	    try:
461	        for text in generator:

--------------------------------------------------
>> Issue: [B324:hashlib] Use of weak MD5 hash for security. Consider usedforsecurity=False
   Severity: High   Confidence: High
   CWE: CWE-327 (https://cwe.mitre.org/data/definitions/327.html)
   More Info: https://bandit.readthedocs.io/en/1.8.6/plugins/b324_hashlib.html
   Location: /Users/christianmerrill/Documents/GitHub/kokoro-venv/lib/python3.12/site-packages/cloudpathlib/local/localclient.py:137:15
136	    def _md5(self, cloud_path: "LocalPath") -> str:
137	        return md5(self._cloud_path_to_local(cloud_path).read_bytes()).hexdigest()
138	

--------------------------------------------------
>> Issue: [B605:start_process_with_a_shell] Starting a process with a shell, possible injection detected, security issue.
   Severity: High   Confidence: High
   CWE: CWE-78 (https://cwe.mitre.org/data/definitions/78.html)
   More Info: https://bandit.readthedocs.io/en/1.8.6/plugins/b605_start_process_with_a_shell.html
   Location: /Users/christianmerrill/Documents/GitHub/kokoro-venv/lib/python3.12/site-packages/detect_secrets/audit/io.py:26:4
25	        command = 'cls'
26	    os.system(command)
27	

--------------------------------------------------
>> Issue: [B324:hashlib] Use of weak SHA1 hash for security. Consider usedforsecurity=False
   Severity: High   Confidence: High
   CWE: CWE-327 (https://cwe.mitre.org/data/definitions/327.html)
   More Info: https://bandit.readthedocs.io/en/1.8.6/plugins/b324_hashlib.html
   Location: /Users/christianmerrill/Documents/GitHub/kokoro-venv/lib/python3.12/site-packages/detect_secrets/core/potential_secret.py:72:15
71	        """This offers a way to coherently test this class, without mocking self.secret_hash."""
72	        return hashlib.sha1(secret.encode('utf-8')).hexdigest()
73	

--------------------------------------------------
>> Issue: [B324:hashlib] Use of weak SHA1 hash for security. Consider usedforsecurity=False
   Severity: High   Confidence: High
   CWE: CWE-327 (https://cwe.mitre.org/data/definitions/327.html)
   More Info: https://bandit.readthedocs.io/en/1.8.6/plugins/b324_hashlib.html
   Location: /Users/christianmerrill/Documents/GitHub/kokoro-venv/lib/python3.12/site-packages/detect_secrets/filters/util.py:43:11
42	    """
43	    sha1 = hashlib.sha1()
44	    with open(filename, 'rb') as f:

--------------------------------------------------
>> Issue: [B411:blacklist] Using xmlrpclib to parse untrusted XML data is known to be vulnerable to XML attacks. Use defusedxml.xmlrpc.monkey_patch() function to monkey-patch xmlrpclib and mitigate XML vulnerabilities.
   Severity: High   Confidence: High
   CWE: CWE-20 (https://cwe.mitre.org/data/definitions/20.html)
   More Info: https://bandit.readthedocs.io/en/1.8.6/blacklists/blacklist_imports.html#b411-import-xmlrpclib
   Location: /Users/christianmerrill/Documents/GitHub/kokoro-venv/lib/python3.12/site-packages/distlib/compat.py:42:4
41	    import httplib
42	    import xmlrpclib
43	    import Queue as queue

--------------------------------------------------
>> Issue: [B411:blacklist] Using xmlrpc.client to parse untrusted XML data is known to be vulnerable to XML attacks. Use defusedxml.xmlrpc.monkey_patch() function to monkey-patch xmlrpclib and mitigate XML vulnerabilities.
   Severity: High   Confidence: High
   CWE: CWE-20 (https://cwe.mitre.org/data/definitions/20.html)
   More Info: https://bandit.readthedocs.io/en/1.8.6/blacklists/blacklist_imports.html#b411-import-xmlrpclib
   Location: /Users/christianmerrill/Documents/GitHub/kokoro-venv/lib/python3.12/site-packages/distlib/compat.py:81:4
80	    import urllib.request as urllib2
81	    import xmlrpc.client as xmlrpclib
82	    import queue

--------------------------------------------------
>> Issue: [B324:hashlib] Use of weak MD5 hash for security. Consider usedforsecurity=False
   Severity: High   Confidence: High
   CWE: CWE-327 (https://cwe.mitre.org/data/definitions/327.html)
   More Info: https://bandit.readthedocs.io/en/1.8.6/plugins/b324_hashlib.html
   Location: /Users/christianmerrill/Documents/GitHub/kokoro-venv/lib/python3.12/site-packages/distlib/database.py:1007:19
1006	                f.close()
1007	            return hashlib.md5(content).hexdigest()
1008	

--------------------------------------------------
>> Issue: [B324:hashlib] Use of weak MD5 hash for security. Consider usedforsecurity=False
   Severity: High   Confidence: High
   CWE: CWE-327 (https://cwe.mitre.org/data/definitions/327.html)
   More Info: https://bandit.readthedocs.io/en/1.8.6/plugins/b324_hashlib.html
   Location: /Users/christianmerrill/Documents/GitHub/kokoro-venv/lib/python3.12/site-packages/distlib/index.py:269:21
268	            file_data = f.read()
269	        md5_digest = hashlib.md5(file_data).hexdigest()
270	        sha256_digest = hashlib.sha256(file_data).hexdigest()

--------------------------------------------------
>> Issue: [B202:tarfile_unsafe_members] tarfile.extractall used without any validation. Please check and discard dangerous members.
   Severity: High   Confidence: High
   CWE: CWE-22 (https://cwe.mitre.org/data/definitions/22.html)
   More Info: https://bandit.readthedocs.io/en/1.8.6/plugins/b202_tarfile_unsafe_members.html
   Location: /Users/christianmerrill/Documents/GitHub/kokoro-venv/lib/python3.12/site-packages/distlib/util.py:1285:8
1284	
1285	        archive.extractall(dest_dir)
1286	

--------------------------------------------------
>> Issue: [B324:hashlib] Use of weak SHA1 hash for security. Consider usedforsecurity=False
   Severity: High   Confidence: High
   CWE: CWE-327 (https://cwe.mitre.org/data/definitions/327.html)
   More Info: https://bandit.readthedocs.io/en/1.8.6/plugins/b324_hashlib.html
   Location: /Users/christianmerrill/Documents/GitHub/kokoro-venv/lib/python3.12/site-packages/flask/sessions.py:295:11
294	    """
295	    return hashlib.sha1(string)
296	

--------------------------------------------------
>> Issue: [B402:blacklist] A FTP-related module is being imported.  FTP is considered insecure. Use SSH/SFTP/SCP or some other encrypted protocol.
   Severity: High   Confidence: High
   CWE: CWE-319 (https://cwe.mitre.org/data/definitions/319.html)
   More Info: https://bandit.readthedocs.io/en/1.8.6/blacklists/blacklist_imports.html#b402-import-ftplib
   Location: /Users/christianmerrill/Documents/GitHub/kokoro-venv/lib/python3.12/site-packages/fsspec/implementations/ftp.py:3:0
2	import uuid
3	from ftplib import FTP, FTP_TLS, Error, error_perm
4	from typing import Any

--------------------------------------------------
>> Issue: [B507:ssh_no_host_key_verification] Paramiko call with policy set to automatically trust the unknown host key.
   Severity: High   Confidence: Medium
   CWE: CWE-295 (https://cwe.mitre.org/data/definitions/295.html)
   More Info: https://bandit.readthedocs.io/en/1.8.6/plugins/b507_ssh_no_host_key_verification.html
   Location: /Users/christianmerrill/Documents/GitHub/kokoro-venv/lib/python3.12/site-packages/fsspec/implementations/sftp.py:53:8
52	        self.client = paramiko.SSHClient()
53	        self.client.set_missing_host_key_policy(paramiko.AutoAddPolicy())
54	        self.client.connect(self.host, **self.ssh_kwargs)

--------------------------------------------------
>> Issue: [B324:hashlib] Use of weak MD5 hash for security. Consider usedforsecurity=False
   Severity: High   Confidence: High
   CWE: CWE-327 (https://cwe.mitre.org/data/definitions/327.html)
   More Info: https://bandit.readthedocs.io/en/1.8.6/plugins/b324_hashlib.html
   Location: /Users/christianmerrill/Documents/GitHub/kokoro-venv/lib/python3.12/site-packages/fsspec/tests/abstract/__init__.py:228:23
227	        for i in range(10):
228	            hashed_i = md5(str(i).encode("utf-8")).hexdigest()
229	            path = some_join(source, f"{hashed_i}.txt")

--------------------------------------------------
>> Issue: [B324:hashlib] Use of weak MD5 hash for security. Consider usedforsecurity=False
   Severity: High   Confidence: High
   CWE: CWE-327 (https://cwe.mitre.org/data/definitions/327.html)
   More Info: https://bandit.readthedocs.io/en/1.8.6/plugins/b324_hashlib.html
   Location: /Users/christianmerrill/Documents/GitHub/kokoro-venv/lib/python3.12/site-packages/fsspec/tests/abstract/copy.py:548:23
547	        for i in range(10):
548	            hashed_i = md5(str(i).encode("utf-8")).hexdigest()
549	            source_files.append(fs_join(source, f"{hashed_i}.txt"))

--------------------------------------------------
>> Issue: [B324:hashlib] Use of weak MD5 hash for security. Consider usedforsecurity=False
   Severity: High   Confidence: High
   CWE: CWE-327 (https://cwe.mitre.org/data/definitions/327.html)
   More Info: https://bandit.readthedocs.io/en/1.8.6/plugins/b324_hashlib.html
   Location: /Users/christianmerrill/Documents/GitHub/kokoro-venv/lib/python3.12/site-packages/fsspec/tests/abstract/get.py:576:23
575	        for i in range(10):
576	            hashed_i = md5(str(i).encode("utf-8")).hexdigest()
577	            source_files.append(fs_join(source, f"{hashed_i}.txt"))

--------------------------------------------------
>> Issue: [B605:start_process_with_a_shell] Starting a process with a shell, possible injection detected, security issue.
   Severity: High   Confidence: High
   CWE: CWE-78 (https://cwe.mitre.org/data/definitions/78.html)
   More Info: https://bandit.readthedocs.io/en/1.8.6/plugins/b605_start_process_with_a_shell.html
   Location: /Users/christianmerrill/Documents/GitHub/kokoro-venv/lib/python3.12/site-packages/fsspec/tests/abstract/mv.py:36:8
35	    if os.name == "nt":
36	        os.system(f'icacls "{protected_path}" /deny Everyone:(W)')
37	    else:

--------------------------------------------------
>> Issue: [B605:start_process_with_a_shell] Starting a process with a shell, possible injection detected, security issue.
   Severity: High   Confidence: High
   CWE: CWE-78 (https://cwe.mitre.org/data/definitions/78.html)
   More Info: https://bandit.readthedocs.io/en/1.8.6/plugins/b605_start_process_with_a_shell.html
   Location: /Users/christianmerrill/Documents/GitHub/kokoro-venv/lib/python3.12/site-packages/fsspec/tests/abstract/mv.py:55:8
54	    if os.name == "nt":
55	        os.system(f'icacls "{protected_path}" /remove:d Everyone')
56	    else:

--------------------------------------------------
>> Issue: [B324:hashlib] Use of weak MD5 hash for security. Consider usedforsecurity=False
   Severity: High   Confidence: High
   CWE: CWE-327 (https://cwe.mitre.org/data/definitions/327.html)
   More Info: https://bandit.readthedocs.io/en/1.8.6/plugins/b324_hashlib.html
   Location: /Users/christianmerrill/Documents/GitHub/kokoro-venv/lib/python3.12/site-packages/fsspec/tests/abstract/put.py:582:23
581	        for i in range(10):
582	            hashed_i = md5(str(i).encode("utf-8")).hexdigest()
583	            source_files.append(local_join(source, f"{hashed_i}.txt"))

--------------------------------------------------
>> Issue: [B324:hashlib] Use of weak MD5 hash for security. Consider usedforsecurity=False
   Severity: High   Confidence: High
   CWE: CWE-327 (https://cwe.mitre.org/data/definitions/327.html)
   More Info: https://bandit.readthedocs.io/en/1.8.6/plugins/b324_hashlib.html
   Location: /Users/christianmerrill/Documents/GitHub/kokoro-venv/lib/python3.12/site-packages/fsspec/utils.py:320:12
319	    try:
320	        h = md5(str(args).encode())
321	    except ValueError:

--------------------------------------------------
>> Issue: [B324:hashlib] Use of weak SHA1 hash for security. Consider usedforsecurity=False
   Severity: High   Confidence: High
   CWE: CWE-327 (https://cwe.mitre.org/data/definitions/327.html)
   More Info: https://bandit.readthedocs.io/en/1.8.6/plugins/b324_hashlib.html
   Location: /Users/christianmerrill/Documents/GitHub/kokoro-venv/lib/python3.12/site-packages/huggingface_hub/_local_folder.py:447:36
446	def _short_hash(filename: str) -> str:
447	    return base64.urlsafe_b64encode(hashlib.sha1(filename.encode()).digest()).decode()

--------------------------------------------------
>> Issue: [B324:hashlib] Use of weak SHA1 hash for security. Consider usedforsecurity=False
   Severity: High   Confidence: High
   CWE: CWE-327 (https://cwe.mitre.org/data/definitions/327.html)
   More Info: https://bandit.readthedocs.io/en/1.8.6/plugins/b324_hashlib.html
   Location: /Users/christianmerrill/Documents/GitHub/kokoro-venv/lib/python3.12/site-packages/itsdangerous/signer.py:45:11
44	    """
45	    return hashlib.sha1(string)
46	

--------------------------------------------------
>> Issue: [B324:hashlib] Use of weak SHA1 hash for security. Consider usedforsecurity=False
   Severity: High   Confidence: High
   CWE: CWE-327 (https://cwe.mitre.org/data/definitions/327.html)
   More Info: https://bandit.readthedocs.io/en/1.8.6/plugins/b324_hashlib.html
   Location: /Users/christianmerrill/Documents/GitHub/kokoro-venv/lib/python3.12/site-packages/jinja2/bccache.py:156:15
155	        """Returns the unique hash key for this template name."""
156	        hash = sha1(name.encode("utf-8"))
157	

--------------------------------------------------
>> Issue: [B324:hashlib] Use of weak SHA1 hash for security. Consider usedforsecurity=False
   Severity: High   Confidence: High
   CWE: CWE-327 (https://cwe.mitre.org/data/definitions/327.html)
   More Info: https://bandit.readthedocs.io/en/1.8.6/plugins/b324_hashlib.html
   Location: /Users/christianmerrill/Documents/GitHub/kokoro-venv/lib/python3.12/site-packages/jinja2/bccache.py:165:15
164	        """Returns a checksum for the source."""
165	        return sha1(source.encode("utf-8")).hexdigest()
166	

--------------------------------------------------
>> Issue: [B324:hashlib] Use of weak SHA1 hash for security. Consider usedforsecurity=False
   Severity: High   Confidence: High
   CWE: CWE-327 (https://cwe.mitre.org/data/definitions/327.html)
   More Info: https://bandit.readthedocs.io/en/1.8.6/plugins/b324_hashlib.html
   Location: /Users/christianmerrill/Documents/GitHub/kokoro-venv/lib/python3.12/site-packages/jinja2/loaders.py:661:25
660	    def get_template_key(name: str) -> str:
661	        return "tmpl_" + sha1(name.encode("utf-8")).hexdigest()
662	

--------------------------------------------------
>> Issue: [B324:hashlib] Use of weak MD5 hash for security. Consider usedforsecurity=False
   Severity: High   Confidence: High
   CWE: CWE-327 (https://cwe.mitre.org/data/definitions/327.html)
   More Info: https://bandit.readthedocs.io/en/1.8.6/plugins/b324_hashlib.html
   Location: /Users/christianmerrill/Documents/GitHub/kokoro-venv/lib/python3.12/site-packages/joblib/test/test_hashing.py:228:15
227	    def md5_hash(x):
228	        return hashlib.md5(memoryview(x)).hexdigest()
229	

--------------------------------------------------
>> Issue: [B602:subprocess_popen_with_shell_equals_true] subprocess call with shell=True identified, security issue.
   Severity: High   Confidence: High
   CWE: CWE-78 (https://cwe.mitre.org/data/definitions/78.html)
   More Info: https://bandit.readthedocs.io/en/1.8.6/plugins/b602_subprocess_popen_with_shell_equals_true.html
   Location: /Users/christianmerrill/Documents/GitHub/kokoro-venv/lib/python3.12/site-packages/nodeenv.py:500:15
499	            cmd, stderr=subprocess.STDOUT, stdin=None, stdout=stdout,
500	            cwd=cwd, env=env, shell=in_shell)
501	    except Exception:
502	        e = sys.exc_info()[1]
503	        logger.error("Error %s while executing command %s" % (e, cmd_desc))

--------------------------------------------------
>> Issue: [B202:tarfile_unsafe_members] tarfile.extractall used without any validation. Please check and discard dangerous members.
   Severity: High   Confidence: High
   CWE: CWE-22 (https://cwe.mitre.org/data/definitions/22.html)
   More Info: https://bandit.readthedocs.io/en/1.8.6/plugins/b202_tarfile_unsafe_members.html
   Location: /Users/christianmerrill/Documents/GitHub/kokoro-venv/lib/python3.12/site-packages/nodeenv.py:639:8
638	        ]
639	        archive.extractall(src_dir, extract_list)
640	

--------------------------------------------------
>> Issue: [B202:tarfile_unsafe_members] tarfile.extractall used without any validation. Please check and discard dangerous members.
   Severity: High   Confidence: High
   CWE: CWE-22 (https://cwe.mitre.org/data/definitions/22.html)
   More Info: https://bandit.readthedocs.io/en/1.8.6/plugins/b202_tarfile_unsafe_members.html
   Location: /Users/christianmerrill/Documents/GitHub/kokoro-venv/lib/python3.12/site-packages/nodeenv.py:859:8
858	    with zipfile.ZipFile(npm_contents, 'r') as zipf:
859	        zipf.extractall(src_dir)
860	

--------------------------------------------------
>> Issue: [B602:subprocess_popen_with_shell_equals_true] subprocess call with shell=True identified, security issue.
   Severity: High   Confidence: High
   CWE: CWE-78 (https://cwe.mitre.org/data/definitions/78.html)
   More Info: https://bandit.readthedocs.io/en/1.8.6/plugins/b602_subprocess_popen_with_shell_equals_true.html
   Location: /Users/christianmerrill/Documents/GitHub/kokoro-venv/lib/python3.12/site-packages/pip/_internal/commands/configuration.py:247:12
246	        try:
247	            subprocess.check_call(f'{editor} "{fname}"', shell=True)
248	        except FileNotFoundError as e:

--------------------------------------------------
>> Issue: [B411:blacklist] Using xmlrpc.client to parse untrusted XML data is known to be vulnerable to XML attacks. Use defusedxml.xmlrpc.monkey_patch() function to monkey-patch xmlrpclib and mitigate XML vulnerabilities.
   Severity: High   Confidence: High
   CWE: CWE-20 (https://cwe.mitre.org/data/definitions/20.html)
   More Info: https://bandit.readthedocs.io/en/1.8.6/blacklists/blacklist_imports.html#b411-import-xmlrpclib
   Location: /Users/christianmerrill/Documents/GitHub/kokoro-venv/lib/python3.12/site-packages/pip/_internal/commands/search.py:7:0
6	import textwrap
7	import xmlrpc.client
8	from collections import OrderedDict

--------------------------------------------------
>> Issue: [B411:blacklist] Using xmlrpc.client to parse untrusted XML data is known to be vulnerable to XML attacks. Use defusedxml.xmlrpc.monkey_patch() function to monkey-patch xmlrpclib and mitigate XML vulnerabilities.
   Severity: High   Confidence: High
   CWE: CWE-20 (https://cwe.mitre.org/data/definitions/20.html)
   More Info: https://bandit.readthedocs.io/en/1.8.6/blacklists/blacklist_imports.html#b411-import-xmlrpclib
   Location: /Users/christianmerrill/Documents/GitHub/kokoro-venv/lib/python3.12/site-packages/pip/_internal/network/xmlrpc.py:5:0
4	import urllib.parse
5	import xmlrpc.client
6	from typing import TYPE_CHECKING

--------------------------------------------------
>> Issue: [B411:blacklist] Using _HostType to parse untrusted XML data is known to be vulnerable to XML attacks. Use defusedxml.xmlrpc.monkey_patch() function to monkey-patch xmlrpclib and mitigate XML vulnerabilities.
   Severity: High   Confidence: High
   CWE: CWE-20 (https://cwe.mitre.org/data/definitions/20.html)
   More Info: https://bandit.readthedocs.io/en/1.8.6/blacklists/blacklist_imports.html#b411-import-xmlrpclib
   Location: /Users/christianmerrill/Documents/GitHub/kokoro-venv/lib/python3.12/site-packages/pip/_internal/network/xmlrpc.py:13:4
12	if TYPE_CHECKING:
13	    from xmlrpc.client import _HostType, _Marshallable
14	

--------------------------------------------------
>> Issue: [B202:tarfile_unsafe_members] tarfile.extractall used without any validation. Please check and discard dangerous members.
   Severity: High   Confidence: High
   CWE: CWE-22 (https://cwe.mitre.org/data/definitions/22.html)
   More Info: https://bandit.readthedocs.io/en/1.8.6/plugins/b202_tarfile_unsafe_members.html
   Location: /Users/christianmerrill/Documents/GitHub/kokoro-venv/lib/python3.12/site-packages/pip/_internal/utils/unpacking.py:245:12
244	
245	            tar.extractall(location, filter=pip_filter)
246	

--------------------------------------------------
>> Issue: [B411:blacklist] Using xmlrpclib to parse untrusted XML data is known to be vulnerable to XML attacks. Use defusedxml.xmlrpc.monkey_patch() function to monkey-patch xmlrpclib and mitigate XML vulnerabilities.
   Severity: High   Confidence: High
   CWE: CWE-20 (https://cwe.mitre.org/data/definitions/20.html)
   More Info: https://bandit.readthedocs.io/en/1.8.6/blacklists/blacklist_imports.html#b411-import-xmlrpclib
   Location: /Users/christianmerrill/Documents/GitHub/kokoro-venv/lib/python3.12/site-packages/pip/_vendor/distlib/compat.py:42:4
41	    import httplib
42	    import xmlrpclib
43	    import Queue as queue

--------------------------------------------------
>> Issue: [B411:blacklist] Using xmlrpc.client to parse untrusted XML data is known to be vulnerable to XML attacks. Use defusedxml.xmlrpc.monkey_patch() function to monkey-patch xmlrpclib and mitigate XML vulnerabilities.
   Severity: High   Confidence: High
   CWE: CWE-20 (https://cwe.mitre.org/data/definitions/20.html)
   More Info: https://bandit.readthedocs.io/en/1.8.6/blacklists/blacklist_imports.html#b411-import-xmlrpclib
   Location: /Users/christianmerrill/Documents/GitHub/kokoro-venv/lib/python3.12/site-packages/pip/_vendor/distlib/compat.py:81:4
80	    import urllib.request as urllib2
81	    import xmlrpc.client as xmlrpclib
82	    import queue

--------------------------------------------------
>> Issue: [B202:tarfile_unsafe_members] tarfile.extractall used without any validation. Please check and discard dangerous members.
   Severity: High   Confidence: High
   CWE: CWE-22 (https://cwe.mitre.org/data/definitions/22.html)
   More Info: https://bandit.readthedocs.io/en/1.8.6/plugins/b202_tarfile_unsafe_members.html
   Location: /Users/christianmerrill/Documents/GitHub/kokoro-venv/lib/python3.12/site-packages/pip/_vendor/distlib/util.py:1285:8
1284	
1285	        archive.extractall(dest_dir)
1286	

--------------------------------------------------
>> Issue: [B324:hashlib] Use of weak MD5 hash for security. Consider usedforsecurity=False
   Severity: High   Confidence: High
   CWE: CWE-327 (https://cwe.mitre.org/data/definitions/327.html)
   More Info: https://bandit.readthedocs.io/en/1.8.6/plugins/b324_hashlib.html
   Location: /Users/christianmerrill/Documents/GitHub/kokoro-venv/lib/python3.12/site-packages/pip/_vendor/requests/auth.py:148:23
147	                    x = x.encode("utf-8")
148	                return hashlib.md5(x).hexdigest()
149	

--------------------------------------------------
>> Issue: [B324:hashlib] Use of weak SHA1 hash for security. Consider usedforsecurity=False
   Severity: High   Confidence: High
   CWE: CWE-327 (https://cwe.mitre.org/data/definitions/327.html)
   More Info: https://bandit.readthedocs.io/en/1.8.6/plugins/b324_hashlib.html
   Location: /Users/christianmerrill/Documents/GitHub/kokoro-venv/lib/python3.12/site-packages/pip/_vendor/requests/auth.py:156:23
155	                    x = x.encode("utf-8")
156	                return hashlib.sha1(x).hexdigest()
157	

--------------------------------------------------
>> Issue: [B324:hashlib] Use of weak SHA1 hash for security. Consider usedforsecurity=False
   Severity: High   Confidence: High
   CWE: CWE-327 (https://cwe.mitre.org/data/definitions/327.html)
   More Info: https://bandit.readthedocs.io/en/1.8.6/plugins/b324_hashlib.html
   Location: /Users/christianmerrill/Documents/GitHub/kokoro-venv/lib/python3.12/site-packages/pip/_vendor/requests/auth.py:205:17
204	
205	        cnonce = hashlib.sha1(s).hexdigest()[:16]
206	        if _algorithm == "MD5-SESS":

--------------------------------------------------
>> Issue: [B324:hashlib] Use of weak MD5 hash for security. Consider usedforsecurity=False
   Severity: High   Confidence: High
   CWE: CWE-327 (https://cwe.mitre.org/data/definitions/327.html)
   More Info: https://bandit.readthedocs.io/en/1.8.6/plugins/b324_hashlib.html
   Location: /Users/christianmerrill/Documents/GitHub/kokoro-venv/lib/python3.12/site-packages/pre_commit/languages/docker.py:66:11
65	def md5(s: str) -> str:  # pragma: win32 no cover
66	    return hashlib.md5(s.encode()).hexdigest()
67	

--------------------------------------------------
>> Issue: [B202:tarfile_unsafe_members] tarfile.extractall used without any validation. Please check and discard dangerous members.
   Severity: High   Confidence: High
   CWE: CWE-22 (https://cwe.mitre.org/data/definitions/22.html)
   More Info: https://bandit.readthedocs.io/en/1.8.6/plugins/b202_tarfile_unsafe_members.html
   Location: /Users/christianmerrill/Documents/GitHub/kokoro-venv/lib/python3.12/site-packages/pre_commit/languages/golang.py:120:16
119	            with _open_archive(f) as archive:
120	                archive.extractall(dest)
121	        shutil.move(os.path.join(dest, 'go'), os.path.join(dest, '.go'))

--------------------------------------------------
>> Issue: [B202:tarfile_unsafe_members] tarfile.extractall used without any validation. Please check and discard dangerous members.
   Severity: High   Confidence: High
   CWE: CWE-22 (https://cwe.mitre.org/data/definitions/22.html)
   More Info: https://bandit.readthedocs.io/en/1.8.6/plugins/b202_tarfile_unsafe_members.html
   Location: /Users/christianmerrill/Documents/GitHub/kokoro-venv/lib/python3.12/site-packages/pre_commit/languages/ruby.py:85:12
84	        with tarfile.open(fileobj=bio) as tf:
85	            tf.extractall(dest)
86	

--------------------------------------------------
>> Issue: [B202:tarfile_unsafe_members] tarfile.extractall used without any validation. Please check and discard dangerous members.
   Severity: High   Confidence: High
   CWE: CWE-22 (https://cwe.mitre.org/data/definitions/22.html)
   More Info: https://bandit.readthedocs.io/en/1.8.6/plugins/b202_tarfile_unsafe_members.html
   Location: /Users/christianmerrill/Documents/GitHub/kokoro-venv/lib/python3.12/site-packages/pygments/lexers/_php_builtins.py:3301:12
3300	        with tarfile.open(download[0]) as tar:
3301	            tar.extractall()
3302	        yield from glob.glob(f"{PHP_MANUAL_DIR}{PHP_REFERENCE_GLOB}")

--------------------------------------------------
>> Issue: [B324:hashlib] Use of weak MD5 hash for security. Consider usedforsecurity=False
   Severity: High   Confidence: High
   CWE: CWE-327 (https://cwe.mitre.org/data/definitions/327.html)
   More Info: https://bandit.readthedocs.io/en/1.8.6/plugins/b324_hashlib.html
   Location: /Users/christianmerrill/Documents/GitHub/kokoro-venv/lib/python3.12/site-packages/rdflib/plugins/sparql/operators.py:147:19
146	    s = string(expr.arg).encode("utf-8")
147	    return Literal(hashlib.md5(s).hexdigest())
148	

--------------------------------------------------
>> Issue: [B324:hashlib] Use of weak SHA1 hash for security. Consider usedforsecurity=False
   Severity: High   Confidence: High
   CWE: CWE-327 (https://cwe.mitre.org/data/definitions/327.html)
   More Info: https://bandit.readthedocs.io/en/1.8.6/plugins/b324_hashlib.html
   Location: /Users/christianmerrill/Documents/GitHub/kokoro-venv/lib/python3.12/site-packages/rdflib/plugins/sparql/operators.py:152:19
151	    s = string(expr.arg).encode("utf-8")
152	    return Literal(hashlib.sha1(s).hexdigest())
153	

--------------------------------------------------
>> Issue: [B324:hashlib] Use of weak MD5 hash for security. Consider usedforsecurity=False
   Severity: High   Confidence: High
   CWE: CWE-327 (https://cwe.mitre.org/data/definitions/327.html)
   More Info: https://bandit.readthedocs.io/en/1.8.6/plugins/b324_hashlib.html
   Location: /Users/christianmerrill/Documents/GitHub/kokoro-venv/lib/python3.12/site-packages/requests/auth.py:148:23
147	                    x = x.encode("utf-8")
148	                return hashlib.md5(x).hexdigest()
149	

--------------------------------------------------
>> Issue: [B324:hashlib] Use of weak SHA1 hash for security. Consider usedforsecurity=False
   Severity: High   Confidence: High
   CWE: CWE-327 (https://cwe.mitre.org/data/definitions/327.html)
   More Info: https://bandit.readthedocs.io/en/1.8.6/plugins/b324_hashlib.html
   Location: /Users/christianmerrill/Documents/GitHub/kokoro-venv/lib/python3.12/site-packages/requests/auth.py:156:23
155	                    x = x.encode("utf-8")
156	                return hashlib.sha1(x).hexdigest()
157	

--------------------------------------------------
>> Issue: [B324:hashlib] Use of weak SHA1 hash for security. Consider usedforsecurity=False
   Severity: High   Confidence: High
   CWE: CWE-327 (https://cwe.mitre.org/data/definitions/327.html)
   More Info: https://bandit.readthedocs.io/en/1.8.6/plugins/b324_hashlib.html
   Location: /Users/christianmerrill/Documents/GitHub/kokoro-venv/lib/python3.12/site-packages/requests/auth.py:205:17
204	
205	        cnonce = hashlib.sha1(s).hexdigest()[:16]
206	        if _algorithm == "MD5-SESS":

--------------------------------------------------
>> Issue: [B605:start_process_with_a_shell] Starting a process with a shell, possible injection detected, security issue.
   Severity: High   Confidence: High
   CWE: CWE-78 (https://cwe.mitre.org/data/definitions/78.html)
   More Info: https://bandit.readthedocs.io/en/1.8.6/plugins/b605_start_process_with_a_shell.html
   Location: /Users/christianmerrill/Documents/GitHub/kokoro-venv/lib/python3.12/site-packages/setuptools/_distutils/command/bdist_rpm.py:357:14
356	
357	        out = os.popen(q_cmd)
358	        try:

--------------------------------------------------
>> Issue: [B103:set_bad_file_permissions] Chmod setting a permissive mask 0o777 on file (exe).
   Severity: High   Confidence: High
   CWE: CWE-732 (https://cwe.mitre.org/data/definitions/732.html)
   More Info: https://bandit.readthedocs.io/en/1.8.6/plugins/b103_set_bad_file_permissions.html
   Location: /Users/christianmerrill/Documents/GitHub/kokoro-venv/lib/python3.12/site-packages/setuptools/_distutils/tests/test_spawn.py:32:8
31	
32	        os.chmod(exe, 0o777)
33	        with pytest.raises(DistutilsExecError):

--------------------------------------------------
>> Issue: [B103:set_bad_file_permissions] Chmod setting a permissive mask 0o777 on file (exe).
   Severity: High   Confidence: High
   CWE: CWE-732 (https://cwe.mitre.org/data/definitions/732.html)
   More Info: https://bandit.readthedocs.io/en/1.8.6/plugins/b103_set_bad_file_permissions.html
   Location: /Users/christianmerrill/Documents/GitHub/kokoro-venv/lib/python3.12/site-packages/setuptools/_distutils/tests/test_spawn.py:44:8
43	
44	        os.chmod(exe, 0o777)
45	        spawn([exe])  # should work without any error

--------------------------------------------------
>> Issue: [B202:tarfile_unsafe_members] tarfile.extractall used without any validation. Please check and discard dangerous members.
   Severity: High   Confidence: High
   CWE: CWE-22 (https://cwe.mitre.org/data/definitions/22.html)
   More Info: https://bandit.readthedocs.io/en/1.8.6/plugins/b202_tarfile_unsafe_members.html
   Location: /Users/christianmerrill/Documents/GitHub/kokoro-venv/lib/python3.12/site-packages/setuptools/_vendor/jaraco/context.py:65:12
64	        with tarfile.open(fileobj=req, mode='r|*') as tf:
65	            tf.extractall(path=target_dir, filter=strip_first_component)
66	        yield target_dir

--------------------------------------------------
>> Issue: [B602:subprocess_popen_with_shell_equals_true] subprocess call with shell=True identified, security issue.
   Severity: High   Confidence: High
   CWE: CWE-78 (https://cwe.mitre.org/data/definitions/78.html)
   More Info: https://bandit.readthedocs.io/en/1.8.6/plugins/b602_subprocess_popen_with_shell_equals_true.html
   Location: /Users/christianmerrill/Documents/GitHub/kokoro-venv/lib/python3.12/site-packages/setuptools/tests/environment.py:77:15
76	            stderr=_PIPE,
77	            shell=shell,
78	            env=env,
79	            encoding="utf-8",
80	        )
81	
82	        if isinstance(data_stream, tuple):
83	            data_stream = slice(*data_stream)
84	        data = proc.communicate()[data_stream]
85	    except OSError:

--------------------------------------------------
>> Issue: [B324:hashlib] Use of weak MD5 hash for security. Consider usedforsecurity=False
   Severity: High   Confidence: High
   CWE: CWE-327 (https://cwe.mitre.org/data/definitions/327.html)
   More Info: https://bandit.readthedocs.io/en/1.8.6/plugins/b324_hashlib.html
   Location: /Users/christianmerrill/Documents/GitHub/kokoro-venv/lib/python3.12/site-packages/setuptools/tests/integration/test_pip_install_sdist.py:190:11
189	
190	    assert md5(data).hexdigest() == md5_digest
191	

--------------------------------------------------
>> Issue: [B103:set_bad_file_permissions] Chmod setting a permissive mask 0o777 on file (runsh).
   Severity: High   Confidence: High
   CWE: CWE-732 (https://cwe.mitre.org/data/definitions/732.html)
   More Info: https://bandit.readthedocs.io/en/1.8.6/plugins/b103_set_bad_file_permissions.html
   Location: /Users/christianmerrill/Documents/GitHub/kokoro-venv/lib/python3.12/site-packages/setuptools/tests/test_wheel.py:626:12
625	            runsh = pathlib.Path(source_dir) / "script.sh"
626	            os.chmod(runsh, 0o777)
627	            subprocess.check_call(

--------------------------------------------------
>> Issue: [B402:blacklist] A FTP-related module is being imported.  FTP is considered insecure. Use SSH/SFTP/SCP or some other encrypted protocol.
   Severity: High   Confidence: High
   CWE: CWE-319 (https://cwe.mitre.org/data/definitions/319.html)
   More Info: https://bandit.readthedocs.io/en/1.8.6/blacklists/blacklist_imports.html#b402-import-ftplib
   Location: /Users/christianmerrill/Documents/GitHub/kokoro-venv/lib/python3.12/site-packages/smart_open/ftp.py:15:0
14	import smart_open.utils
15	from ftplib import FTP, FTP_TLS, error_reply
16	import types

--------------------------------------------------
>> Issue: [B321:blacklist] FTP-related functions are being called. FTP is considered insecure. Use SSH/SFTP/SCP or some other encrypted protocol.
   Severity: High   Confidence: High
   CWE: CWE-319 (https://cwe.mitre.org/data/definitions/319.html)
   More Info: https://bandit.readthedocs.io/en/1.8.6/blacklists/blacklist_calls.html#b321-ftplib
   Location: /Users/christianmerrill/Documents/GitHub/kokoro-venv/lib/python3.12/site-packages/smart_open/ftp.py:91:14
90	    else:
91	        ftp = FTP(**kwargs)
92	    try:

--------------------------------------------------
>> Issue: [B507:ssh_no_host_key_verification] Paramiko call with policy set to automatically trust the unknown host key.
   Severity: High   Confidence: Medium
   CWE: CWE-295 (https://cwe.mitre.org/data/definitions/295.html)
   More Info: https://bandit.readthedocs.io/en/1.8.6/plugins/b507_ssh_no_host_key_verification.html
   Location: /Users/christianmerrill/Documents/GitHub/kokoro-venv/lib/python3.12/site-packages/smart_open/ssh.py:125:4
124	    ssh.load_system_host_keys()
125	    ssh.set_missing_host_key_policy(paramiko.AutoAddPolicy())
126	    kwargs = (connect_kwargs or {}).copy()

--------------------------------------------------
>> Issue: [B613:trojansource] A Python source file contains bidirectional control characters ('\u202a').
   Severity: High   Confidence: Medium
   CWE: CWE-838 (https://cwe.mitre.org/data/definitions/838.html)
   More Info: https://bandit.readthedocs.io/en/1.8.6/plugins/b613_trojansource.html
   Location: /Users/christianmerrill/Documents/GitHub/kokoro-venv/lib/python3.12/site-packages/spacy/tests/tokenizer/test_naughty_strings.py:13:23
12	    # Unicode additional control characters, byte order marks
13	    r"­؀؁؂؃؄؅؜۝܏᠎​‌‍‎‏‪",
14	    r"￾",

--------------------------------------------------
>> Issue: [B701:jinja2_autoescape_false] By default, jinja2 sets autoescape to False. Consider using autoescape=True or use the select_autoescape function to mitigate XSS vulnerabilities.
   Severity: High   Confidence: High
   CWE: CWE-94 (https://cwe.mitre.org/data/definitions/94.html)
   More Info: https://bandit.readthedocs.io/en/1.8.6/plugins/b701_jinja2_autoescape_false.html
   Location: /Users/christianmerrill/Documents/GitHub/kokoro-venv/lib/python3.12/site-packages/starlette/templating.py:116:15
115	
116	        return jinja2.Environment(**env_options)
117	

--------------------------------------------------
>> Issue: [B602:subprocess_popen_with_shell_equals_true] subprocess call with shell=True identified, security issue.
   Severity: High   Confidence: High
   CWE: CWE-78 (https://cwe.mitre.org/data/definitions/78.html)
   More Info: https://bandit.readthedocs.io/en/1.8.6/plugins/b602_subprocess_popen_with_shell_equals_true.html
   Location: /Users/christianmerrill/Documents/GitHub/kokoro-venv/lib/python3.12/site-packages/sympy/external/tests/test_codegen.py:122:22
121	        for command in commands:
122	            retcode = subprocess.call(command, stdout=null, shell=True,
123	                    stderr=subprocess.STDOUT)
124	            if retcode != 0:

--------------------------------------------------
>> Issue: [B602:subprocess_popen_with_shell_equals_true] subprocess call with shell=True identified, security issue.
   Severity: High   Confidence: High
   CWE: CWE-78 (https://cwe.mitre.org/data/definitions/78.html)
   More Info: https://bandit.readthedocs.io/en/1.8.6/plugins/b602_subprocess_popen_with_shell_equals_true.html
   Location: /Users/christianmerrill/Documents/GitHub/kokoro-venv/lib/python3.12/site-packages/sympy/utilities/_compilation/runners.py:191:12
190	        p = subprocess.Popen(' '.join(self.cmd()),
191	                             shell=True,
192	                             cwd=self.cwd,
193	                             stdin=subprocess.PIPE,
194	                             stdout=subprocess.PIPE,
195	                             stderr=subprocess.STDOUT,
196	                             env=env)
197	        comm = p.communicate()
198	        try:

--------------------------------------------------
>> Issue: [B701:jinja2_autoescape_false] By default, jinja2 sets autoescape to False. Consider using autoescape=True or use the select_autoescape function to mitigate XSS vulnerabilities.
   Severity: High   Confidence: High
   CWE: CWE-94 (https://cwe.mitre.org/data/definitions/94.html)
   More Info: https://bandit.readthedocs.io/en/1.8.6/plugins/b701_jinja2_autoescape_false.html
   Location: /Users/christianmerrill/Documents/GitHub/kokoro-venv/lib/python3.12/site-packages/torch/_inductor/codegen/common.py:2253:15
2252	
2253	        return jinja2.Environment(
2254	            undefined=jinja2.StrictUndefined,
2255	        )
2256	    except ImportError:

--------------------------------------------------
>> Issue: [B701:jinja2_autoescape_false] By default, jinja2 sets autoescape to False. Consider using autoescape=True or use the select_autoescape function to mitigate XSS vulnerabilities.
   Severity: High   Confidence: High
   CWE: CWE-94 (https://cwe.mitre.org/data/definitions/94.html)
   More Info: https://bandit.readthedocs.io/en/1.8.6/plugins/b701_jinja2_autoescape_false.html
   Location: /Users/christianmerrill/Documents/GitHub/kokoro-venv/lib/python3.12/site-packages/torch/_inductor/select_algorithm.py:1132:15
1131	
1132	        return jinja2.Environment(
1133	            undefined=jinja2.StrictUndefined,
1134	        )
1135	    except ImportError:

--------------------------------------------------
>> Issue: [B602:subprocess_popen_with_shell_equals_true] subprocess call with shell=True identified, security issue.
   Severity: High   Confidence: High
   CWE: CWE-78 (https://cwe.mitre.org/data/definitions/78.html)
   More Info: https://bandit.readthedocs.io/en/1.8.6/plugins/b602_subprocess_popen_with_shell_equals_true.html
   Location: /Users/christianmerrill/Documents/GitHub/kokoro-venv/lib/python3.12/site-packages/torch/utils/collect_env.py:94:8
93	    p = subprocess.Popen(command, stdout=subprocess.PIPE,
94	                         stderr=subprocess.PIPE, shell=shell)
95	    raw_output, raw_err = p.communicate()
96	    rc = p.returncode

--------------------------------------------------
>> Issue: [B602:subprocess_popen_with_shell_equals_true] subprocess call with shell=True identified, security issue.
   Severity: High   Confidence: High
   CWE: CWE-78 (https://cwe.mitre.org/data/definitions/78.html)
   More Info: https://bandit.readthedocs.io/en/1.8.6/plugins/b602_subprocess_popen_with_shell_equals_true.html
   Location: /Users/christianmerrill/Documents/GitHub/kokoro-venv/lib/python3.12/site-packages/torch/utils/cpp_extension.py:1821:12
1820	        try:
1821	            subprocess.check_output(pch_cmd, shell=True, stderr=subprocess.STDOUT)
1822	        except subprocess.CalledProcessError as e:

--------------------------------------------------
>> Issue: [B602:subprocess_popen_with_shell_equals_true] subprocess call with shell=True identified, security issue.
   Severity: High   Confidence: High
   CWE: CWE-78 (https://cwe.mitre.org/data/definitions/78.html)
   More Info: https://bandit.readthedocs.io/en/1.8.6/plugins/b602_subprocess_popen_with_shell_equals_true.html
   Location: /Users/christianmerrill/Documents/GitHub/kokoro-venv/lib/python3.12/site-packages/torch/utils/cpp_extension.py:2597:8
2596	            command,
2597	            shell=IS_WINDOWS and IS_HIP_EXTENSION,
2598	            stdout=stdout_fileno if verbose else subprocess.PIPE,
2599	            stderr=subprocess.STDOUT,
2600	            cwd=build_directory,
2601	            check=True,
2602	            env=env)
2603	    except subprocess.CalledProcessError as e:
2604	        # Python 2 and 3 compatible way of getting the error object.
2605	        _, error, _ = sys.exc_info()

--------------------------------------------------
>> Issue: [B202:tarfile_unsafe_members] tarfile.extractall used without any validation. Please check and discard dangerous members.
   Severity: High   Confidence: High
   CWE: CWE-22 (https://cwe.mitre.org/data/definitions/22.html)
   More Info: https://bandit.readthedocs.io/en/1.8.6/plugins/b202_tarfile_unsafe_members.html
   Location: /Users/christianmerrill/Documents/GitHub/kokoro-venv/lib/python3.12/site-packages/weasel/cli/remote_storage.py:104:28
103	                        else:
104	                            tar.extractall(path)
105	

--------------------------------------------------
>> Issue: [B324:hashlib] Use of weak MD5 hash for security. Consider usedforsecurity=False
   Severity: High   Confidence: High
   CWE: CWE-327 (https://cwe.mitre.org/data/definitions/327.html)
   More Info: https://bandit.readthedocs.io/en/1.8.6/plugins/b324_hashlib.html
   Location: /Users/christianmerrill/Documents/GitHub/kokoro-venv/lib/python3.12/site-packages/weasel/cli/remote_storage.py:170:11
169	    creation_bytes = "".join(hashes).encode("utf8")
170	    return hashlib.md5(creation_bytes).hexdigest()
171	

--------------------------------------------------
>> Issue: [B324:hashlib] Use of weak MD5 hash for security. Consider usedforsecurity=False
   Severity: High   Confidence: High
   CWE: CWE-327 (https://cwe.mitre.org/data/definitions/327.html)
   More Info: https://bandit.readthedocs.io/en/1.8.6/plugins/b324_hashlib.html
   Location: /Users/christianmerrill/Documents/GitHub/kokoro-venv/lib/python3.12/site-packages/weasel/util/hashing.py:19:11
18	    data_str = srsly.json_dumps(data, sort_keys=True).encode("utf8")
19	    return hashlib.md5(data_str).hexdigest()
20	

--------------------------------------------------
>> Issue: [B324:hashlib] Use of weak MD5 hash for security. Consider usedforsecurity=False
   Severity: High   Confidence: High
   CWE: CWE-327 (https://cwe.mitre.org/data/definitions/327.html)
   More Info: https://bandit.readthedocs.io/en/1.8.6/plugins/b324_hashlib.html
   Location: /Users/christianmerrill/Documents/GitHub/kokoro-venv/lib/python3.12/site-packages/weasel/util/hashing.py:33:15
32	    if path.is_file():
33	        return hashlib.md5(Path(path).read_bytes()).hexdigest()
34	    else:

--------------------------------------------------
>> Issue: [B324:hashlib] Use of weak MD5 hash for security. Consider usedforsecurity=False
   Severity: High   Confidence: High
   CWE: CWE-327 (https://cwe.mitre.org/data/definitions/327.html)
   More Info: https://bandit.readthedocs.io/en/1.8.6/plugins/b324_hashlib.html
   Location: /Users/christianmerrill/Documents/GitHub/kokoro-venv/lib/python3.12/site-packages/weasel/util/hashing.py:36:23
35	        # TODO: this is currently pretty slow
36	        dir_checksum = hashlib.md5()
37	        for sub_file in sorted(fp for fp in path.rglob("*") if fp.is_file()):

--------------------------------------------------
>> Issue: [B324:hashlib] Use of weak SHA1 hash for security. Consider usedforsecurity=False
   Severity: High   Confidence: High
   CWE: CWE-327 (https://cwe.mitre.org/data/definitions/327.html)
   More Info: https://bandit.readthedocs.io/en/1.8.6/plugins/b324_hashlib.html
   Location: /Users/christianmerrill/Documents/GitHub/kokoro-venv/lib/python3.12/site-packages/werkzeug/debug/__init__.py:45:11
44	def hash_pin(pin: str) -> str:
45	    return hashlib.sha1(f"{pin} added salt".encode("utf-8", "replace")).hexdigest()[:12]
46	

--------------------------------------------------
>> Issue: [B324:hashlib] Use of weak SHA1 hash for security. Consider usedforsecurity=False
   Severity: High   Confidence: High
   CWE: CWE-327 (https://cwe.mitre.org/data/definitions/327.html)
   More Info: https://bandit.readthedocs.io/en/1.8.6/plugins/b324_hashlib.html
   Location: /Users/christianmerrill/Documents/GitHub/kokoro-venv/lib/python3.12/site-packages/werkzeug/debug/__init__.py:196:8
195	
196	    h = hashlib.sha1()
197	    for bit in chain(probably_public_bits, private_bits):

--------------------------------------------------
>> Issue: [B324:hashlib] Use of weak SHA1 hash for security. Consider usedforsecurity=False
   Severity: High   Confidence: High
   CWE: CWE-327 (https://cwe.mitre.org/data/definitions/327.html)
   More Info: https://bandit.readthedocs.io/en/1.8.6/plugins/b324_hashlib.html
   Location: /Users/christianmerrill/Documents/GitHub/kokoro-venv/lib/python3.12/site-packages/werkzeug/http.py:981:11
980	    """
981	    return sha1(data).hexdigest()
982	

--------------------------------------------------
>> Issue: [B324:hashlib] Use of weak SHA1 hash for security. Consider usedforsecurity=False
   Severity: High   Confidence: High
   CWE: CWE-327 (https://cwe.mitre.org/data/definitions/327.html)
   More Info: https://bandit.readthedocs.io/en/1.8.6/plugins/b324_hashlib.html
   Location: /Users/christianmerrill/Documents/GitHub/pydantic-ai/pydantic_ai_slim/pydantic_ai/_agent_graph.py:620:11
619	        identifier = identifier.encode('utf-8')
620	    return hashlib.sha1(identifier).hexdigest()[:6]
621	

--------------------------------------------------
>> Issue: [B605:start_process_with_a_shell] Starting a process with a shell, possible injection detected, security issue.
   Severity: High   Confidence: High
   CWE: CWE-78 (https://cwe.mitre.org/data/definitions/78.html)
   More Info: https://bandit.readthedocs.io/en/1.8.6/plugins/b605_start_process_with_a_shell.html
   Location: /Users/christianmerrill/Documents/GitHub/scripts/athena_vision.py:188:12
187	            print(f"📊 Opening in Athena Reporter...", file=sys.stderr)
188	            os.system(f"open '{markdown_file}'")
189	            

--------------------------------------------------
>> Issue: [B605:start_process_with_a_shell] Starting a process with a shell, possible injection detected, security issue.
   Severity: High   Confidence: High
   CWE: CWE-78 (https://cwe.mitre.org/data/definitions/78.html)
   More Info: https://bandit.readthedocs.io/en/1.8.6/plugins/b605_start_process_with_a_shell.html
   Location: /Users/christianmerrill/Documents/GitHub/scripts/athena_vision.py:193:12
192	            summary = '. '.join(sentences) + '.'
193	            os.system(f"say -v Samantha '{summary}'")
194	            

--------------------------------------------------
>> Issue: [B602:subprocess_popen_with_shell_equals_true] subprocess call with shell=True identified, security issue.
   Severity: High   Confidence: High
   CWE: CWE-78 (https://cwe.mitre.org/data/definitions/78.html)
   More Info: https://bandit.readthedocs.io/en/1.8.6/plugins/b602_subprocess_popen_with_shell_equals_true.html
   Location: /Users/christianmerrill/Documents/GitHub/tools/generate_full_report.py:27:15
26	    try:
27	        return subprocess.check_output(cmd, shell=True, text=True, stderr=subprocess.DEVNULL).strip()
28	    except Exception:

--------------------------------------------------

Code scanned:
	Total lines of code: 13003968
	Total lines skipped (#nosec): 13
	Total potential issues skipped due to specifically being disabled (e.g., #nosec BXXX): 0

Run metrics:
	Total issues (by severity):
		Undefined: 0
		Low: 344146
		Medium: 3068
		High: 306
	Total issues (by confidence):
		Undefined: 0
		Low: 149
		Medium: 1464
		High: 345907
Files skipped (10):
	/Users/christianmerrill/Documents/GitHub/behavioral_weekly_summary.py (syntax error while parsing AST from file)
	/Users/christianmerrill/Documents/GitHub/calendar_monitor.py (syntax error while parsing AST from file)
	/Users/christianmerrill/Documents/GitHub/demo_behavioral_learning.py (syntax error while parsing AST from file)
	/Users/christianmerrill/Documents/GitHub/demo_predictive_calendar.py (syntax error while parsing AST from file)
	/Users/christianmerrill/Documents/GitHub/demo_weekly_behavioral_summary.py (syntax error while parsing AST from file)
	/Users/christianmerrill/Documents/GitHub/phase1_test_validation.py (syntax error while parsing AST from file)
	/Users/christianmerrill/Documents/GitHub/scripts/demo_governance_drift_detection.py (syntax error while parsing AST from file)
	/Users/christianmerrill/Documents/GitHub/scripts/demo_governance_drift_detection_fixed.py (syntax error while parsing AST from file)
	/Users/christianmerrill/Documents/GitHub/scripts/integrate_governance_drift_detection.py (syntax error while parsing AST from file)
	/Users/christianmerrill/Documents/GitHub/scripts/promotion_manager.py (syntax error while parsing AST from file)
